rising_sign,lat_25N_pct,lat_30N_pct,lat_35N_pct,lat_40N_pct,lat_45N_pct,lat_48N_pct
Aries,6.24,5.88,5.48,5.03,4.49,4.13
Taurus,7.08,6.78,6.44,6.05,5.59,5.25
Gemini,8.43,8.32,8.17,8.00,7.78,7.62
Cancer,9.44,9.56,9.71,9.88,10.10,10.25
Leo,9.54,9.84,10.17,10.57,11.04,11.37
Virgo,9.26,9.62,10.02,10.48,11.00,11.37
Libra,9.26,9.62,10.02,10.48,11.00,11.37
Scorpio,9.54,9.84,10.18,10.57,11.04,11.37
Sagittarius,9.44,9.56,9.71,9.88,10.10,10.25
Capricorn,8.44,8.31,8.17,7.99,7.78,7.63
Aquarius,7.08,6.78,6.44,6.05,5.59,5.25
Pisces,6.24,5.89,5.48,5.03,4.50,4.13
