rank,sun,moon,rising,share_pct,estimated_births,one_in
1,Cancer,Sagittarius,Libra,0.1104,68635,906
2,Leo,Taurus,Scorpio,0.1096,68145,913
3,Cancer,Aries,Libra,0.1090,67775,918
4,Leo,Pisces,Scorpio,0.1082,67278,924
5,Leo,Aries,Virgo,0.1063,66127,940
6,Cancer,Pisces,Libra,0.1063,66085,941
7,Gemini,Aquarius,Virgo,0.1058,65773,945
8,Virgo,Sagittarius,Libra,0.1057,65717,946
9,Leo,Virgo,Scorpio,0.1054,65537,949
10,Leo,Libra,Scorpio,0.1053,65488,950
11,Leo,Cancer,Virgo,0.1052,65450,950
12,Virgo,Cancer,Scorpio,0.1049,65235,953
13,Virgo,Pisces,Scorpio,0.1044,64953,957
14,Virgo,Cancer,Libra,0.1043,64855,959
15,Libra,Leo,Scorpio,0.1042,64829,959
16,Leo,Taurus,Virgo,0.1041,64763,960
17,Virgo,Sagittarius,Scorpio,0.1041,64747,960
18,Leo,Taurus,Libra,0.1039,64634,962
19,Leo,Gemini,Scorpio,0.1039,64615,962
20,Virgo,Gemini,Scorpio,0.1035,64352,966
21,Virgo,Sagittarius,Sagittarius,0.1028,63939,973
22,Cancer,Taurus,Leo,0.1028,63932,973
23,Cancer,Taurus,Libra,0.1027,63889,973
24,Gemini,Taurus,Virgo,0.1025,63747,976
25,Cancer,Cancer,Libra,0.1025,63718,976
26,Libra,Leo,Sagittarius,0.1020,63448,980
27,Leo,Virgo,Virgo,0.1017,63241,983
28,Gemini,Gemini,Virgo,0.1016,63195,984
29,Leo,Aquarius,Virgo,0.1016,63184,984
30,Virgo,Taurus,Scorpio,0.1016,63171,984
31,Cancer,Pisces,Leo,0.1016,63169,984
32,Leo,Libra,Libra,0.1015,63092,986
33,Leo,Scorpio,Virgo,0.1013,63005,987
34,Cancer,Sagittarius,Leo,0.1013,62968,988
35,Cancer,Gemini,Libra,0.1012,62908,989
36,Cancer,Leo,Leo,0.1010,62788,990
37,Virgo,Gemini,Libra,0.1008,62668,992
38,Leo,Cancer,Scorpio,0.1008,62656,993
39,Cancer,Leo,Libra,0.1006,62564,994
40,Virgo,Aries,Sagittarius,0.1004,62431,996
41,Gemini,Pisces,Virgo,0.1001,62222,999
42,Taurus,Pisces,Leo,0.1000,62158,1000
43,Virgo,Pisces,Libra,0.0998,62093,1002
44,Cancer,Pisces,Virgo,0.0998,62076,1002
45,Virgo,Capricorn,Scorpio,0.0995,61863,1005
46,Leo,Capricorn,Scorpio,0.0992,61689,1008
47,Leo,Pisces,Virgo,0.0991,61644,1009
48,Leo,Aquarius,Scorpio,0.0991,61643,1009
49,Cancer,Aquarius,Libra,0.0990,61569,1010
50,Cancer,Aries,Scorpio,0.0988,61416,1013
51,Cancer,Scorpio,Libra,0.0987,61396,1013
52,Cancer,Taurus,Virgo,0.0985,61247,1015
53,Gemini,Pisces,Leo,0.0984,61203,1016
54,Virgo,Gemini,Sagittarius,0.0983,61138,1017
55,Taurus,Virgo,Leo,0.0983,61119,1017
56,Gemini,Gemini,Leo,0.0982,61097,1018
57,Virgo,Taurus,Libra,0.0982,61088,1018
58,Leo,Scorpio,Scorpio,0.0982,61074,1018
59,Libra,Capricorn,Scorpio,0.0982,61065,1018
60,Gemini,Aquarius,Leo,0.0982,61059,1018
61,Leo,Aquarius,Libra,0.0981,61033,1019
62,Taurus,Taurus,Leo,0.0980,60960,1020
63,Libra,Sagittarius,Scorpio,0.0980,60944,1020
64,Leo,Leo,Scorpio,0.0980,60939,1020
65,Taurus,Aquarius,Leo,0.0980,60916,1021
66,Cancer,Cancer,Leo,0.0979,60877,1022
67,Taurus,Capricorn,Leo,0.0979,60872,1022
68,Virgo,Scorpio,Sagittarius,0.0979,60854,1022
69,Cancer,Gemini,Leo,0.0978,60806,1023
70,Virgo,Aries,Scorpio,0.0978,60794,1023
71,Gemini,Libra,Leo,0.0977,60754,1024
72,Leo,Scorpio,Libra,0.0977,60750,1024
73,Taurus,Sagittarius,Leo,0.0976,60710,1024
74,Leo,Virgo,Libra,0.0975,60629,1026
75,Leo,Cancer,Libra,0.0974,60577,1027
76,Virgo,Scorpio,Scorpio,0.0974,60541,1027
77,Virgo,Leo,Scorpio,0.0973,60531,1027
78,Cancer,Virgo,Libra,0.0973,60514,1028
79,Gemini,Libra,Virgo,0.0973,60494,1028
80,Leo,Pisces,Libra,0.0972,60463,1029
81,Gemini,Virgo,Virgo,0.0971,60411,1029
82,Leo,Aries,Scorpio,0.0971,60404,1030
83,Cancer,Scorpio,Leo,0.0971,60402,1030
84,Virgo,Libra,Scorpio,0.0970,60329,1031
85,Libra,Taurus,Scorpio,0.0970,60305,1031
86,Virgo,Libra,Libra,0.0969,60255,1032
87,Gemini,Leo,Virgo,0.0969,60229,1033
88,Leo,Gemini,Virgo,0.0968,60203,1033
89,Leo,Sagittarius,Virgo,0.0967,60161,1034
90,Pisces,Gemini,Cancer,0.0966,60063,1035
91,Cancer,Leo,Virgo,0.0965,60038,1036
92,Aries,Leo,Leo,0.0965,60007,1036
93,Virgo,Cancer,Sagittarius,0.0965,59985,1037
94,Leo,Gemini,Libra,0.0962,59830,1039
95,Taurus,Aries,Leo,0.0962,59827,1039
96,Leo,Libra,Virgo,0.0962,59812,1040
97,Taurus,Cancer,Leo,0.0962,59811,1040
98,Libra,Sagittarius,Sagittarius,0.0961,59789,1040
99,Cancer,Capricorn,Leo,0.0961,59765,1041
100,Libra,Cancer,Sagittarius,0.0961,59738,1041
101,Taurus,Leo,Leo,0.0960,59728,1041
102,Cancer,Gemini,Scorpio,0.0960,59707,1042
103,Virgo,Aries,Libra,0.0959,59616,1043
104,Cancer,Sagittarius,Scorpio,0.0958,59580,1044
105,Gemini,Capricorn,Virgo,0.0958,59571,1044
106,Cancer,Capricorn,Libra,0.0955,59371,1047
107,Virgo,Scorpio,Libra,0.0953,59236,1050
108,Leo,Aries,Libra,0.0951,59143,1051
109,Libra,Aries,Scorpio,0.0948,58962,1055
110,Gemini,Aries,Leo,0.0947,58921,1055
111,Virgo,Virgo,Scorpio,0.0947,58884,1056
112,Virgo,Capricorn,Libra,0.0947,58871,1056
113,Gemini,Aries,Virgo,0.0945,58755,1058
114,Cancer,Libra,Libra,0.0942,58595,1061
115,Leo,Capricorn,Libra,0.0941,58548,1062
116,Libra,Capricorn,Sagittarius,0.0941,58488,1063
117,Gemini,Gemini,Libra,0.0940,58440,1064
118,Virgo,Virgo,Libra,0.0939,58417,1065
119,Taurus,Gemini,Leo,0.0939,58368,1065
120,Virgo,Aquarius,Libra,0.0938,58352,1066
121,Cancer,Scorpio,Virgo,0.0938,58338,1066
122,Cancer,Aquarius,Leo,0.0938,58307,1067
123,Libra,Aquarius,Sagittarius,0.0937,58287,1067
124,Pisces,Aries,Cancer,0.0936,58206,1068
125,Cancer,Pisces,Scorpio,0.0935,58142,1070
126,Gemini,Libra,Libra,0.0933,58051,1071
127,Cancer,Aries,Virgo,0.0933,58000,1072
128,Gemini,Cancer,Virgo,0.0932,57935,1073
129,Cancer,Aries,Leo,0.0931,57913,1074
130,Taurus,Scorpio,Leo,0.0931,57900,1074
131,Aries,Aquarius,Leo,0.0930,57851,1075
132,Cancer,Capricorn,Virgo,0.0929,57795,1076
133,Cancer,Sagittarius,Virgo,0.0928,57740,1077
134,Libra,Gemini,Scorpio,0.0928,57730,1077
135,Virgo,Pisces,Sagittarius,0.0928,57721,1077
136,Gemini,Sagittarius,Virgo,0.0928,57718,1077
137,Leo,Leo,Libra,0.0928,57694,1078
138,Virgo,Taurus,Sagittarius,0.0927,57651,1079
139,Cancer,Virgo,Leo,0.0927,57634,1079
140,Libra,Libra,Scorpio,0.0927,57622,1079
141,Gemini,Scorpio,Virgo,0.0926,57594,1080
142,Scorpio,Virgo,Sagittarius,0.0925,57541,1081
143,Pisces,Aquarius,Cancer,0.0925,57515,1081
144,Gemini,Aries,Libra,0.0924,57487,1082
145,Scorpio,Pisces,Sagittarius,0.0924,57466,1082
146,Aries,Scorpio,Leo,0.0923,57419,1083
147,Leo,Taurus,Sagittarius,0.0923,57405,1083
148,Virgo,Aquarius,Scorpio,0.0923,57404,1083
149,Gemini,Virgo,Libra,0.0922,57343,1084
150,Pisces,Taurus,Cancer,0.0920,57232,1087
151,Gemini,Aquarius,Libra,0.0920,57206,1087
152,Pisces,Taurus,Leo,0.0920,57201,1087
153,Aries,Scorpio,Cancer,0.0920,57192,1087
154,Cancer,Gemini,Virgo,0.0918,57087,1089
155,Libra,Virgo,Scorpio,0.0917,57016,1091
156,Virgo,Leo,Libra,0.0916,56993,1091
157,Aries,Sagittarius,Leo,0.0914,56856,1094
158,Pisces,Libra,Cancer,0.0914,56821,1094
159,Libra,Virgo,Sagittarius,0.0913,56748,1096
160,Leo,Virgo,Sagittarius,0.0909,56549,1100
161,Leo,Gemini,Sagittarius,0.0908,56449,1102
162,Pisces,Sagittarius,Cancer,0.0907,56432,1102
163,Cancer,Aquarius,Virgo,0.0907,56432,1102
164,Libra,Aries,Sagittarius,0.0907,56401,1103
165,Gemini,Taurus,Leo,0.0906,56337,1104
166,Leo,Sagittarius,Scorpio,0.0906,56323,1104
167,Libra,Gemini,Sagittarius,0.0906,56321,1104
168,Virgo,Leo,Sagittarius,0.0905,56263,1105
169,Aries,Capricorn,Leo,0.0905,56252,1106
170,Virgo,Virgo,Sagittarius,0.0904,56193,1107
171,Gemini,Pisces,Libra,0.0903,56137,1108
172,Cancer,Cancer,Virgo,0.0902,56109,1108
173,Libra,Libra,Sagittarius,0.0900,55964,1111
174,Libra,Pisces,Scorpio,0.0899,55926,1112
175,Cancer,Libra,Leo,0.0899,55904,1112
176,Aries,Gemini,Leo,0.0898,55850,1113
177,Taurus,Libra,Leo,0.0897,55772,1115
178,Leo,Leo,Virgo,0.0896,55713,1116
179,Taurus,Cancer,Virgo,0.0896,55705,1116
180,Aries,Cancer,Leo,0.0895,55684,1117
181,Aries,Leo,Virgo,0.0895,55637,1118
182,Gemini,Virgo,Leo,0.0895,55629,1118
183,Gemini,Leo,Leo,0.0893,55537,1120
184,Taurus,Taurus,Virgo,0.0893,55529,1120
185,Aries,Libra,Cancer,0.0893,55510,1120
186,Aries,Aquarius,Cancer,0.0892,55479,1121
187,Gemini,Aries,Cancer,0.0891,55423,1122
188,Cancer,Leo,Scorpio,0.0890,55350,1124
189,Cancer,Aquarius,Scorpio,0.0890,55324,1124
190,Aries,Cancer,Cancer,0.0890,55317,1124
191,Pisces,Libra,Leo,0.0889,55299,1125
192,Taurus,Aquarius,Virgo,0.0889,55271,1125
193,Gemini,Leo,Cancer,0.0889,55261,1125
194,Cancer,Capricorn,Scorpio,0.0888,55253,1125
195,Libra,Pisces,Sagittarius,0.0888,55241,1126
196,Gemini,Virgo,Scorpio,0.0888,55194,1127
197,Gemini,Taurus,Libra,0.0887,55185,1127
198,Aries,Taurus,Leo,0.0887,55154,1128
199,Scorpio,Cancer,Sagittarius,0.0886,55120,1128
200,Gemini,Pisces,Scorpio,0.0886,55107,1128
201,Libra,Cancer,Scorpio,0.0886,55072,1129
202,Scorpio,Capricorn,Sagittarius,0.0885,55063,1129
203,Libra,Taurus,Sagittarius,0.0883,54932,1132
204,Gemini,Pisces,Cancer,0.0883,54917,1132
205,Taurus,Capricorn,Cancer,0.0883,54904,1133
206,Leo,Capricorn,Virgo,0.0883,54893,1133
207,Aries,Pisces,Cancer,0.0882,54843,1134
208,Virgo,Aquarius,Sagittarius,0.0881,54808,1135
209,Gemini,Gemini,Cancer,0.0880,54740,1136
210,Taurus,Pisces,Virgo,0.0878,54598,1139
211,Cancer,Virgo,Virgo,0.0878,54596,1139
212,Taurus,Virgo,Cancer,0.0877,54563,1140
213,Capricorn,Aries,Cancer,0.0877,54557,1140
214,Taurus,Scorpio,Virgo,0.0876,54453,1142
215,Scorpio,Taurus,Sagittarius,0.0875,54399,1143
216,Taurus,Capricorn,Libra,0.0875,54395,1143
217,Aries,Gemini,Cancer,0.0873,54315,1145
218,Aries,Pisces,Leo,0.0873,54305,1145
219,Gemini,Aquarius,Cancer,0.0872,54225,1147
220,Cancer,Libra,Virgo,0.0872,54207,1147
221,Taurus,Capricorn,Virgo,0.0871,54152,1148
222,Aries,Gemini,Virgo,0.0871,54145,1149
223,Gemini,Capricorn,Leo,0.0869,54037,1151
224,Libra,Aquarius,Scorpio,0.0869,54032,1151
225,Leo,Aquarius,Sagittarius,0.0868,53999,1152
226,Gemini,Scorpio,Leo,0.0868,53975,1152
227,Taurus,Aquarius,Libra,0.0868,53970,1152
228,Aries,Aries,Leo,0.0866,53840,1155
229,Leo,Leo,Sagittarius,0.0866,53832,1155
230,Cancer,Libra,Scorpio,0.0865,53810,1156
231,Taurus,Aquarius,Cancer,0.0865,53785,1156
232,Scorpio,Aquarius,Sagittarius,0.0865,53782,1156
233,Pisces,Capricorn,Cancer,0.0865,53770,1157
234,Scorpio,Gemini,Sagittarius,0.0864,53717,1158
235,Leo,Libra,Sagittarius,0.0864,53714,1158
236,Scorpio,Libra,Sagittarius,0.0864,53701,1158
237,Aries,Capricorn,Cancer,0.0863,53692,1158
238,Gemini,Sagittarius,Leo,0.0862,53632,1160
239,Pisces,Cancer,Cancer,0.0862,53591,1160
240,Cancer,Scorpio,Scorpio,0.0861,53525,1162
241,Gemini,Gemini,Scorpio,0.0860,53460,1163
242,Aries,Leo,Cancer,0.0859,53446,1164
243,Leo,Sagittarius,Libra,0.0859,53445,1164
244,Pisces,Leo,Cancer,0.0858,53372,1165
245,Taurus,Sagittarius,Virgo,0.0858,53365,1165
246,Leo,Pisces,Sagittarius,0.0857,53285,1167
247,Aries,Aquarius,Virgo,0.0857,53280,1167
248,Pisces,Scorpio,Cancer,0.0856,53255,1168
249,Taurus,Cancer,Cancer,0.0856,53244,1168
250,Virgo,Libra,Sagittarius,0.0856,53243,1168
251,Taurus,Taurus,Cancer,0.0856,53202,1169
252,Aries,Sagittarius,Cancer,0.0855,53167,1170
253,Taurus,Leo,Libra,0.0854,53113,1171
254,Gemini,Sagittarius,Libra,0.0853,53042,1172
255,Cancer,Cancer,Scorpio,0.0853,53025,1173
256,Pisces,Aquarius,Leo,0.0853,53017,1173
257,Aries,Aries,Cancer,0.0852,52970,1174
258,Taurus,Libra,Virgo,0.0850,52861,1176
259,Taurus,Pisces,Cancer,0.0850,52858,1176
260,Gemini,Scorpio,Scorpio,0.0849,52789,1178
261,Leo,Capricorn,Sagittarius,0.0848,52738,1179
262,Gemini,Capricorn,Libra,0.0847,52683,1180
263,Aries,Taurus,Cancer,0.0846,52601,1182
264,Pisces,Cancer,Leo,0.0845,52538,1184
265,Pisces,Virgo,Cancer,0.0844,52490,1185
266,Taurus,Sagittarius,Cancer,0.0843,52443,1186
267,Gemini,Aquarius,Scorpio,0.0843,52409,1187
268,Taurus,Gemini,Cancer,0.0843,52407,1187
269,Aries,Libra,Leo,0.0842,52360,1188
270,Taurus,Aries,Libra,0.0841,52270,1190
271,Aquarius,Cancer,Cancer,0.0840,52257,1190
272,Gemini,Cancer,Scorpio,0.0840,52255,1190
273,Leo,Scorpio,Sagittarius,0.0839,52197,1191
274,Aries,Aries,Virgo,0.0839,52156,1192
275,Gemini,Cancer,Libra,0.0838,52136,1193
276,Cancer,Virgo,Scorpio,0.0838,52126,1193
277,Taurus,Virgo,Virgo,0.0838,52122,1193
278,Aquarius,Gemini,Leo,0.0838,52101,1194
279,Gemini,Capricorn,Cancer,0.0837,52046,1195
280,Aries,Sagittarius,Virgo,0.0836,52005,1196
281,Scorpio,Scorpio,Sagittarius,0.0835,51946,1197
282,Taurus,Scorpio,Cancer,0.0835,51939,1197
283,Gemini,Taurus,Scorpio,0.0835,51935,1197
284,Gemini,Libra,Cancer,0.0834,51893,1198
285,Taurus,Pisces,Libra,0.0834,51891,1198
286,Taurus,Leo,Cancer,0.0834,51859,1199
287,Cancer,Taurus,Scorpio,0.0832,51743,1202
288,Taurus,Virgo,Libra,0.0832,51728,1202
289,Pisces,Taurus,Virgo,0.0832,51715,1202
290,Cancer,Sagittarius,Sagittarius,0.0830,51605,1205
291,Leo,Aries,Sagittarius,0.0828,51515,1207
292,Libra,Capricorn,Libra,0.0826,51371,1211
293,Cancer,Pisces,Sagittarius,0.0826,51370,1211
294,Aquarius,Capricorn,Leo,0.0825,51319,1212
295,Gemini,Scorpio,Cancer,0.0825,51296,1212
296,Cancer,Cancer,Sagittarius,0.0824,51233,1214
297,Gemini,Cancer,Leo,0.0823,51211,1214
298,Libra,Scorpio,Sagittarius,0.0823,51184,1215
299,Pisces,Capricorn,Virgo,0.0823,51179,1215
300,Virgo,Capricorn,Sagittarius,0.0823,51171,1215
301,Aries,Libra,Virgo,0.0822,51108,1217
302,Cancer,Gemini,Sagittarius,0.0821,51066,1218
303,Aries,Virgo,Leo,0.0821,51061,1218
304,Pisces,Scorpio,Leo,0.0821,51060,1218
305,Scorpio,Aries,Sagittarius,0.0821,51030,1219
306,Taurus,Leo,Virgo,0.0820,51015,1219
307,Taurus,Taurus,Libra,0.0819,50922,1221
308,Gemini,Taurus,Cancer,0.0819,50908,1222
309,Pisces,Capricorn,Leo,0.0818,50884,1222
310,Taurus,Aries,Virgo,0.0818,50866,1223
311,Gemini,Capricorn,Scorpio,0.0816,50768,1225
312,Cancer,Aries,Sagittarius,0.0816,50765,1225
313,Pisces,Pisces,Cancer,0.0816,50737,1226
314,Libra,Scorpio,Scorpio,0.0813,50580,1229
315,Gemini,Sagittarius,Cancer,0.0813,50567,1230
316,Leo,Cancer,Sagittarius,0.0813,50565,1230
317,Gemini,Scorpio,Libra,0.0813,50540,1230
318,Gemini,Virgo,Cancer,0.0812,50503,1231
319,Pisces,Gemini,Leo,0.0811,50445,1233
320,Gemini,Leo,Libra,0.0810,50345,1235
321,Aquarius,Taurus,Cancer,0.0809,50329,1236
322,Aries,Virgo,Cancer,0.0809,50297,1236
323,Gemini,Aries,Scorpio,0.0807,50209,1239
324,Taurus,Aries,Cancer,0.0806,50097,1241
325,Capricorn,Aquarius,Cancer,0.0803,49959,1245
326,Aquarius,Libra,Leo,0.0803,49928,1246
327,Cancer,Taurus,Sagittarius,0.0802,49845,1248
328,Taurus,Cancer,Libra,0.0801,49829,1248
329,Taurus,Gemini,Virgo,0.0800,49753,1250
330,Aquarius,Sagittarius,Cancer,0.0799,49696,1251
331,Aquarius,Leo,Cancer,0.0799,49658,1252
332,Aquarius,Leo,Leo,0.0798,49645,1253
333,Scorpio,Sagittarius,Sagittarius,0.0797,49550,1255
334,Aries,Scorpio,Virgo,0.0795,49445,1258
335,Sagittarius,Aries,Capricorn,0.0794,49398,1259
336,Taurus,Scorpio,Libra,0.0793,49342,1260
337,Pisces,Virgo,Leo,0.0793,49335,1261
338,Pisces,Aries,Leo,0.0793,49313,1261
339,Aries,Cancer,Gemini,0.0793,49286,1262
340,Aquarius,Scorpio,Cancer,0.0792,49248,1263
341,Virgo,Cancer,Capricorn,0.0790,49152,1265
342,Libra,Leo,Libra,0.0788,48975,1270
343,Cancer,Scorpio,Sagittarius,0.0786,48878,1272
344,Pisces,Virgo,Virgo,0.0785,48787,1275
345,Aquarius,Pisces,Cancer,0.0784,48757,1275
346,Leo,Sagittarius,Sagittarius,0.0784,48755,1275
347,Aquarius,Aries,Cancer,0.0783,48704,1277
348,Pisces,Cancer,Virgo,0.0783,48702,1277
349,Gemini,Sagittarius,Scorpio,0.0783,48668,1278
350,Capricorn,Sagittarius,Cancer,0.0782,48630,1279
351,Taurus,Sagittarius,Libra,0.0782,48606,1279
352,Aries,Taurus,Virgo,0.0781,48539,1281
353,Cancer,Aquarius,Sagittarius,0.0780,48494,1282
354,Virgo,Scorpio,Capricorn,0.0779,48473,1283
355,Cancer,Capricorn,Sagittarius,0.0779,48471,1283
356,Pisces,Libra,Virgo,0.0779,48453,1283
357,Aquarius,Virgo,Cancer,0.0779,48415,1284
358,Aquarius,Aries,Leo,0.0778,48392,1285
359,Aquarius,Taurus,Gemini,0.0778,48384,1285
360,Libra,Aquarius,Capricorn,0.0778,48361,1286
361,Aquarius,Sagittarius,Leo,0.0778,48353,1286
362,Sagittarius,Leo,Capricorn,0.0777,48338,1286
363,Taurus,Gemini,Libra,0.0777,48288,1288
364,Aquarius,Virgo,Leo,0.0776,48286,1288
365,Scorpio,Leo,Sagittarius,0.0775,48167,1291
366,Aquarius,Pisces,Leo,0.0774,48148,1292
367,Aquarius,Virgo,Gemini,0.0774,48129,1292
368,Aquarius,Cancer,Gemini,0.0774,48111,1293
369,Aries,Sagittarius,Libra,0.0773,48072,1294
370,Aries,Pisces,Virgo,0.0771,47948,1297
371,Cancer,Leo,Sagittarius,0.0770,47883,1299
372,Capricorn,Taurus,Cancer,0.0768,47759,1302
373,Aquarius,Taurus,Leo,0.0768,47747,1302
374,Aquarius,Capricorn,Cancer,0.0767,47678,1304
375,Aries,Cancer,Virgo,0.0766,47663,1305
376,Pisces,Pisces,Leo,0.0766,47627,1306
377,Libra,Leo,Capricorn,0.0765,47604,1306
378,Libra,Libra,Libra,0.0765,47579,1307
379,Aries,Capricorn,Virgo,0.0765,47566,1307
380,Gemini,Libra,Scorpio,0.0765,47555,1308
381,Aquarius,Cancer,Leo,0.0764,47506,1309
382,Scorpio,Virgo,Capricorn,0.0763,47454,1310
383,Aquarius,Aquarius,Cancer,0.0761,47353,1313
384,Aquarius,Aquarius,Leo,0.0761,47301,1315
385,Pisces,Scorpio,Virgo,0.0760,47277,1315
386,Capricorn,Pisces,Cancer,0.0759,47195,1318
387,Gemini,Leo,Scorpio,0.0759,47193,1318
388,Aquarius,Capricorn,Gemini,0.0758,47124,1320
389,Aquarius,Aries,Gemini,0.0757,47094,1320
390,Virgo,Virgo,Virgo,0.0754,46919,1325
391,Libra,Taurus,Libra,0.0753,46850,1327
392,Capricorn,Aries,Leo,0.0753,46837,1328
393,Libra,Gemini,Capricorn,0.0753,46806,1329
394,Gemini,Cancer,Cancer,0.0751,46676,1332
395,Aquarius,Libra,Cancer,0.0750,46671,1332
396,Pisces,Leo,Leo,0.0750,46655,1333
397,Taurus,Libra,Libra,0.0750,46622,1334
398,Scorpio,Scorpio,Capricorn,0.0750,46615,1334
399,Aries,Virgo,Virgo,0.0749,46595,1335
400,Scorpio,Taurus,Capricorn,0.0749,46550,1336
401,Cancer,Libra,Sagittarius,0.0749,46549,1336
402,Pisces,Sagittarius,Leo,0.0749,46548,1336
403,Cancer,Virgo,Sagittarius,0.0748,46542,1336
404,Pisces,Aquarius,Virgo,0.0747,46465,1338
405,Scorpio,Capricorn,Capricorn,0.0745,46347,1342
406,Aries,Gemini,Libra,0.0745,46339,1342
407,Virgo,Cancer,Virgo,0.0745,46310,1343
408,Pisces,Pisces,Virgo,0.0745,46308,1343
409,Libra,Cancer,Capricorn,0.0745,46306,1343
410,Aries,Cancer,Libra,0.0744,46296,1343
411,Aquarius,Gemini,Cancer,0.0744,46278,1344
412,Pisces,Aries,Virgo,0.0743,46198,1346
413,Scorpio,Cancer,Capricorn,0.0742,46139,1348
414,Gemini,Gemini,Sagittarius,0.0741,46082,1349
415,Taurus,Aquarius,Scorpio,0.0741,46054,1350
416,Libra,Virgo,Capricorn,0.0740,46035,1351
417,Aquarius,Aquarius,Gemini,0.0740,46030,1351
418,Taurus,Capricorn,Gemini,0.0740,46000,1352
419,Aquarius,Scorpio,Leo,0.0740,45998,1352
420,Aries,Scorpio,Gemini,0.0738,45915,1354
421,Sagittarius,Cancer,Cancer,0.0736,45789,1358
422,Libra,Aries,Capricorn,0.0736,45765,1359
423,Gemini,Pisces,Sagittarius,0.0736,45759,1359
424,Taurus,Aquarius,Gemini,0.0735,45727,1360
425,Sagittarius,Taurus,Cancer,0.0735,45697,1361
426,Aquarius,Sagittarius,Gemini,0.0734,45628,1363
427,Taurus,Leo,Scorpio,0.0733,45586,1364
428,Libra,Pisces,Libra,0.0733,45559,1365
429,Sagittarius,Libra,Capricorn,0.0731,45475,1368
430,Aries,Pisces,Libra,0.0731,45446,1368
431,Aries,Aquarius,Libra,0.0730,45409,1369
432,Capricorn,Pisces,Leo,0.0729,45338,1372
433,Taurus,Capricorn,Scorpio,0.0729,45304,1373
434,Sagittarius,Gemini,Capricorn,0.0728,45260,1374
435,Virgo,Sagittarius,Virgo,0.0727,45207,1376
436,Virgo,Taurus,Capricorn,0.0726,45148,1377
437,Taurus,Virgo,Scorpio,0.0726,45122,1378
438,Capricorn,Aries,Gemini,0.0725,45103,1379
439,Scorpio,Scorpio,Scorpio,0.0725,45068,1380
440,Libra,Capricorn,Capricorn,0.0724,45042,1381
441,Sagittarius,Libra,Sagittarius,0.0724,45003,1382
442,Virgo,Pisces,Capricorn,0.0723,44969,1383
443,Sagittarius,Aries,Sagittarius,0.0723,44951,1383
444,Leo,Libra,Capricorn,0.0723,44939,1384
445,Aries,Aries,Libra,0.0722,44913,1385
446,Aries,Libra,Libra,0.0721,44859,1386
447,Pisces,Gemini,Gemini,0.0721,44853,1386
448,Libra,Libra,Capricorn,0.0721,44836,1387
449,Aries,Scorpio,Libra,0.0720,44804,1388
450,Aries,Pisces,Gemini,0.0720,44782,1389
451,Virgo,Capricorn,Capricorn,0.0720,44780,1389
452,Libra,Aries,Libra,0.0720,44771,1389
453,Capricorn,Leo,Cancer,0.0719,44742,1390
454,Capricorn,Scorpio,Cancer,0.0719,44710,1391
455,Virgo,Sagittarius,Capricorn,0.0719,44689,1392
456,Pisces,Gemini,Virgo,0.0718,44676,1392
457,Libra,Cancer,Libra,0.0718,44653,1393
458,Leo,Taurus,Capricorn,0.0718,44631,1393
459,Pisces,Leo,Virgo,0.0718,44624,1394
460,Libra,Virgo,Libra,0.0717,44598,1394
461,Sagittarius,Sagittarius,Capricorn,0.0717,44591,1395
462,Pisces,Aries,Gemini,0.0717,44575,1395
463,Libra,Gemini,Libra,0.0716,44525,1397
464,Pisces,Taurus,Libra,0.0716,44508,1397
465,Aquarius,Gemini,Virgo,0.0715,44485,1398
466,Libra,Sagittarius,Capricorn,0.0715,44485,1398
467,Scorpio,Pisces,Capricorn,0.0715,44463,1399
468,Virgo,Gemini,Virgo,0.0715,44444,1399
469,Libra,Pisces,Capricorn,0.0715,44439,1399
470,Sagittarius,Aquarius,Capricorn,0.0714,44423,1400
471,Capricorn,Capricorn,Cancer,0.0714,44402,1401
472,Virgo,Gemini,Capricorn,0.0714,44397,1401
473,Virgo,Aries,Capricorn,0.0713,44356,1402
474,Aquarius,Libra,Gemini,0.0713,44349,1402
475,Pisces,Sagittarius,Virgo,0.0713,44321,1403
476,Sagittarius,Leo,Sagittarius,0.0711,44239,1406
477,Aries,Leo,Libra,0.0710,44180,1408
478,Taurus,Libra,Cancer,0.0709,44118,1410
479,Taurus,Taurus,Gemini,0.0709,44097,1410
480,Sagittarius,Leo,Cancer,0.0709,44073,1411
481,Libra,Sagittarius,Libra,0.0708,44046,1412
482,Scorpio,Virgo,Scorpio,0.0707,43988,1414
483,Libra,Aquarius,Libra,0.0707,43949,1415
484,Pisces,Capricorn,Libra,0.0707,43948,1415
485,Pisces,Virgo,Libra,0.0705,43846,1418
486,Sagittarius,Sagittarius,Sagittarius,0.0704,43797,1420
487,Sagittarius,Aquarius,Sagittarius,0.0703,43730,1422
488,Scorpio,Capricorn,Scorpio,0.0703,43713,1423
489,Aquarius,Leo,Gemini,0.0703,43690,1423
490,Scorpio,Aquarius,Capricorn,0.0702,43658,1424
491,Taurus,Leo,Gemini,0.0702,43654,1425
492,Pisces,Scorpio,Libra,0.0699,43466,1431
493,Capricorn,Gemini,Cancer,0.0699,43466,1431
494,Pisces,Libra,Gemini,0.0699,43441,1432
495,Gemini,Aries,Sagittarius,0.0698,43392,1433
496,Virgo,Virgo,Capricorn,0.0698,43386,1433
497,Taurus,Taurus,Scorpio,0.0696,43263,1437
498,Scorpio,Cancer,Scorpio,0.0695,43249,1438
499,Scorpio,Pisces,Scorpio,0.0695,43235,1438
500,Virgo,Aries,Virgo,0.0695,43204,1439
501,Aries,Virgo,Gemini,0.0694,43132,1442
502,Capricorn,Sagittarius,Leo,0.0693,43121,1442
503,Capricorn,Capricorn,Leo,0.0693,43093,1443
504,Taurus,Pisces,Scorpio,0.0692,43007,1446
505,Sagittarius,Gemini,Sagittarius,0.0691,43002,1446
506,Aries,Aries,Gemini,0.0691,42986,1447
507,Capricorn,Cancer,Cancer,0.0690,42902,1450
508,Sagittarius,Scorpio,Cancer,0.0690,42897,1450
509,Virgo,Scorpio,Virgo,0.0690,42881,1450
510,Taurus,Aries,Gemini,0.0689,42839,1452
511,Taurus,Scorpio,Scorpio,0.0689,42839,1452
512,Capricorn,Taurus,Gemini,0.0688,42787,1453
513,Libra,Taurus,Capricorn,0.0688,42779,1454
514,Gemini,Scorpio,Sagittarius,0.0687,42750,1455
515,Taurus,Aries,Scorpio,0.0687,42700,1456
516,Aries,Capricorn,Gemini,0.0687,42698,1456
517,Pisces,Aquarius,Gemini,0.0687,42695,1457
518,Sagittarius,Scorpio,Capricorn,0.0686,42687,1457
519,Aries,Taurus,Libra,0.0686,42671,1457
520,Taurus,Gemini,Scorpio,0.0686,42651,1458
521,Aquarius,Aries,Virgo,0.0685,42620,1459
522,Aries,Aquarius,Gemini,0.0685,42571,1461
523,Scorpio,Libra,Scorpio,0.0685,42570,1461
524,Gemini,Libra,Sagittarius,0.0684,42543,1462
525,Capricorn,Scorpio,Leo,0.0684,42542,1462
526,Sagittarius,Taurus,Gemini,0.0683,42462,1465
527,Leo,Leo,Capricorn,0.0682,42422,1466
528,Sagittarius,Cancer,Capricorn,0.0681,42364,1468
529,Taurus,Virgo,Gemini,0.0681,42359,1468
530,Aquarius,Leo,Virgo,0.0681,42324,1469
531,Capricorn,Virgo,Cancer,0.0680,42299,1470
532,Virgo,Aquarius,Virgo,0.0680,42285,1471
533,Taurus,Sagittarius,Scorpio,0.0680,42268,1471
534,Aquarius,Scorpio,Virgo,0.0680,42256,1472
535,Leo,Pisces,Capricorn,0.0679,42248,1472
536,Sagittarius,Libra,Cancer,0.0679,42221,1473
537,Aquarius,Scorpio,Gemini,0.0677,42131,1476
538,Scorpio,Libra,Capricorn,0.0676,42064,1478
539,Sagittarius,Capricorn,Cancer,0.0676,42057,1479
540,Gemini,Taurus,Sagittarius,0.0676,42046,1479
541,Sagittarius,Aries,Cancer,0.0675,42007,1480
542,Scorpio,Gemini,Capricorn,0.0675,41988,1481
543,Virgo,Capricorn,Virgo,0.0675,41978,1481
544,Aquarius,Gemini,Gemini,0.0672,41813,1487
545,Scorpio,Aries,Capricorn,0.0671,41756,1489
546,Leo,Capricorn,Capricorn,0.0671,41731,1490
547,Leo,Gemini,Capricorn,0.0671,41721,1491
548,Aquarius,Sagittarius,Virgo,0.0671,41715,1491
549,Scorpio,Aquarius,Scorpio,0.0670,41679,1492
550,Taurus,Gemini,Gemini,0.0670,41651,1493
551,Scorpio,Gemini,Scorpio,0.0669,41632,1494
552,Pisces,Pisces,Libra,0.0669,41614,1494
553,Sagittarius,Virgo,Cancer,0.0669,41602,1495
554,Taurus,Sagittarius,Gemini,0.0669,41578,1496
555,Pisces,Scorpio,Gemini,0.0668,41526,1498
556,Sagittarius,Cancer,Gemini,0.0667,41493,1499
557,Aries,Gemini,Scorpio,0.0666,41444,1501
558,Pisces,Cancer,Gemini,0.0666,41398,1502
559,Libra,Scorpio,Capricorn,0.0666,41386,1503
560,Aries,Libra,Gemini,0.0665,41383,1503
561,Sagittarius,Aquarius,Cancer,0.0665,41366,1503
562,Pisces,Cancer,Libra,0.0665,41364,1503
563,Pisces,Capricorn,Gemini,0.0664,41310,1505
564,Scorpio,Aquarius,Cancer,0.0664,41296,1506
565,Gemini,Aquarius,Sagittarius,0.0664,41279,1507
566,Capricorn,Leo,Leo,0.0663,41255,1507
567,Aquarius,Capricorn,Virgo,0.0663,41199,1509
568,Aries,Taurus,Gemini,0.0661,41125,1512
569,Leo,Aquarius,Capricorn,0.0661,41117,1512
570,Leo,Cancer,Capricorn,0.0660,41066,1514
571,Capricorn,Taurus,Leo,0.0660,41066,1514
572,Virgo,Aquarius,Capricorn,0.0659,40998,1517
573,Capricorn,Aquarius,Gemini,0.0659,40984,1517
574,Scorpio,Aries,Scorpio,0.0659,40978,1518
575,Pisces,Sagittarius,Gemini,0.0659,40967,1518
576,Leo,Sagittarius,Capricorn,0.0659,40955,1518
577,Sagittarius,Pisces,Gemini,0.0658,40920,1520
578,Libra,Scorpio,Libra,0.0658,40913,1520
579,Virgo,Taurus,Virgo,0.0658,40889,1521
580,Capricorn,Libra,Cancer,0.0657,40859,1522
581,Sagittarius,Pisces,Cancer,0.0657,40841,1523
582,Aries,Sagittarius,Gemini,0.0657,40831,1523
583,Aries,Gemini,Gemini,0.0656,40778,1525
584,Capricorn,Aquarius,Leo,0.0655,40747,1526
585,Virgo,Pisces,Virgo,0.0655,40734,1527
586,Capricorn,Sagittarius,Gemini,0.0654,40692,1528
587,Leo,Virgo,Leo,0.0654,40682,1529
588,Gemini,Virgo,Sagittarius,0.0654,40682,1529
589,Sagittarius,Gemini,Cancer,0.0654,40672,1529
590,Aquarius,Libra,Virgo,0.0654,40658,1530
591,Aries,Capricorn,Libra,0.0654,40653,1530
592,Aries,Sagittarius,Scorpio,0.0654,40650,1530
593,Virgo,Leo,Virgo,0.0654,40642,1530
594,Sagittarius,Scorpio,Leo,0.0652,40566,1533
595,Capricorn,Cancer,Leo,0.0651,40513,1535
596,Capricorn,Scorpio,Gemini,0.0651,40454,1537
597,Aquarius,Aquarius,Virgo,0.0650,40415,1539
598,Leo,Aries,Capricorn,0.0650,40394,1540
599,Taurus,Cancer,Scorpio,0.0649,40335,1542
600,Aquarius,Pisces,Gemini,0.0648,40283,1544
601,Pisces,Virgo,Gemini,0.0647,40225,1546
602,Sagittarius,Libra,Gemini,0.0647,40217,1546
603,Leo,Taurus,Leo,0.0647,40215,1546
604,Leo,Virgo,Capricorn,0.0646,40189,1547
605,Taurus,Libra,Scorpio,0.0646,40144,1549
606,Scorpio,Taurus,Scorpio,0.0645,40131,1550
607,Aries,Aquarius,Scorpio,0.0645,40119,1550
608,Sagittarius,Leo,Leo,0.0645,40119,1550
609,Gemini,Capricorn,Sagittarius,0.0644,40041,1553
610,Aries,Virgo,Libra,0.0644,40033,1553
611,Virgo,Leo,Capricorn,0.0643,40010,1554
612,Capricorn,Pisces,Virgo,0.0643,40010,1554
613,Aquarius,Cancer,Virgo,0.0643,39996,1555
614,Sagittarius,Sagittarius,Cancer,0.0643,39988,1555
615,Sagittarius,Scorpio,Gemini,0.0643,39982,1555
616,Scorpio,Leo,Scorpio,0.0643,39975,1556
617,Gemini,Leo,Sagittarius,0.0643,39957,1556
618,Capricorn,Cancer,Gemini,0.0642,39939,1557
619,Scorpio,Aquarius,Gemini,0.0642,39932,1557
620,Sagittarius,Taurus,Leo,0.0642,39918,1558
621,Pisces,Taurus,Gemini,0.0641,39891,1559
622,Sagittarius,Cancer,Leo,0.0640,39830,1561
623,Leo,Aquarius,Leo,0.0640,39810,1562
624,Taurus,Leo,Sagittarius,0.0640,39792,1563
625,Taurus,Cancer,Gemini,0.0640,39790,1563
626,Leo,Aries,Leo,0.0640,39781,1563
627,Scorpio,Libra,Cancer,0.0639,39763,1564
628,Capricorn,Pisces,Gemini,0.0639,39753,1564
629,Aquarius,Virgo,Virgo,0.0639,39734,1565
630,Aquarius,Pisces,Virgo,0.0639,39726,1565
631,Aquarius,Sagittarius,Libra,0.0638,39685,1567
632,Sagittarius,Aries,Leo,0.0638,39668,1568
633,Leo,Cancer,Leo,0.0636,39574,1571
634,Capricorn,Aries,Virgo,0.0636,39533,1573
635,Scorpio,Cancer,Cancer,0.0635,39506,1574
636,Pisces,Pisces,Gemini,0.0635,39505,1574
637,Taurus,Pisces,Gemini,0.0634,39454,1576
638,Virgo,Libra,Capricorn,0.0632,39308,1582
639,Sagittarius,Cancer,Sagittarius,0.0632,39291,1583
640,Aries,Cancer,Scorpio,0.0632,39286,1583
641,Pisces,Leo,Gemini,0.0631,39269,1584
642,Leo,Gemini,Leo,0.0630,39200,1586
643,Sagittarius,Capricorn,Leo,0.0630,39191,1587
644,Scorpio,Leo,Capricorn,0.0630,39169,1588
645,Taurus,Virgo,Sagittarius,0.0629,39121,1590
646,Sagittarius,Pisces,Capricorn,0.0629,39120,1590
647,Taurus,Scorpio,Gemini,0.0629,39117,1590
648,Gemini,Cancer,Sagittarius,0.0627,38998,1595
649,Taurus,Aquarius,Sagittarius,0.0627,38963,1596
650,Gemini,Sagittarius,Sagittarius,0.0626,38943,1597
651,Pisces,Aquarius,Libra,0.0625,38850,1601
652,Aries,Aries,Scorpio,0.0624,38820,1602
653,Sagittarius,Virgo,Capricorn,0.0623,38773,1604
654,Scorpio,Capricorn,Aquarius,0.0623,38765,1604
655,Sagittarius,Capricorn,Capricorn,0.0623,38741,1605
656,Aries,Scorpio,Taurus,0.0622,38694,1607
657,Pisces,Scorpio,Scorpio,0.0622,38684,1608
658,Taurus,Aries,Sagittarius,0.0621,38631,1610
659,Capricorn,Virgo,Gemini,0.0620,38563,1613
660,Sagittarius,Pisces,Leo,0.0619,38525,1614
661,Leo,Scorpio,Leo,0.0619,38487,1616
662,Leo,Libra,Leo,0.0618,38459,1617
663,Virgo,Scorpio,Aquarius,0.0618,38451,1617
664,Aquarius,Taurus,Virgo,0.0618,38447,1617
665,Capricorn,Capricorn,Gemini,0.0617,38375,1620
666,Scorpio,Gemini,Cancer,0.0617,38357,1621
667,Aries,Leo,Gemini,0.0617,38347,1622
668,Taurus,Libra,Gemini,0.0617,38344,1622
669,Sagittarius,Aries,Gemini,0.0616,38320,1623
670,Taurus,Capricorn,Sagittarius,0.0615,38236,1626
671,Sagittarius,Virgo,Gemini,0.0614,38201,1628
672,Capricorn,Pisces,Capricorn,0.0614,38164,1629
673,Aries,Cancer,Taurus,0.0613,38133,1631
674,Sagittarius,Libra,Leo,0.0613,38112,1632
675,Aquarius,Leo,Libra,0.0612,38062,1634
676,Pisces,Libra,Libra,0.0612,38046,1635
677,Sagittarius,Capricorn,Gemini,0.0611,38002,1636
678,Sagittarius,Taurus,Sagittarius,0.0610,37960,1638
679,Aquarius,Aries,Libra,0.0610,37937,1639
680,Sagittarius,Gemini,Gemini,0.0610,37925,1640
681,Scorpio,Sagittarius,Capricorn,0.0610,37913,1640
682,Capricorn,Taurus,Capricorn,0.0610,37912,1640
683,Scorpio,Leo,Cancer,0.0609,37855,1643
684,Capricorn,Gemini,Leo,0.0608,37823,1644
685,Sagittarius,Taurus,Capricorn,0.0607,37766,1647
686,Sagittarius,Sagittarius,Gemini,0.0607,37759,1647
687,Cancer,Aries,Capricorn,0.0607,37757,1647
688,Scorpio,Aries,Cancer,0.0607,37732,1648
689,Aries,Leo,Scorpio,0.0605,37610,1653
690,Aries,Scorpio,Scorpio,0.0604,37590,1654
691,Aries,Libra,Scorpio,0.0603,37496,1659
692,Scorpio,Cancer,Aquarius,0.0603,37485,1659
693,Scorpio,Libra,Gemini,0.0603,37477,1659
694,Leo,Scorpio,Capricorn,0.0602,37467,1660
695,Sagittarius,Gemini,Leo,0.0602,37457,1660
696,Sagittarius,Virgo,Leo,0.0602,37433,1661
697,Cancer,Taurus,Capricorn,0.0602,37424,1662
698,Sagittarius,Aquarius,Gemini,0.0602,37410,1662
699,Capricorn,Capricorn,Capricorn,0.0601,37400,1663
700,Virgo,Libra,Virgo,0.0601,37366,1664
701,Sagittarius,Capricorn,Sagittarius,0.0601,37352,1665
702,Scorpio,Virgo,Aquarius,0.0600,37324,1666
703,Capricorn,Pisces,Taurus,0.0599,37253,1669
704,Scorpio,Aquarius,Leo,0.0599,37235,1670
705,Cancer,Sagittarius,Capricorn,0.0599,37221,1671
706,Scorpio,Pisces,Aquarius,0.0598,37204,1672
707,Scorpio,Libra,Leo,0.0598,37169,1673
708,Pisces,Gemini,Libra,0.0597,37130,1675
709,Aquarius,Gemini,Libra,0.0597,37126,1675
710,Sagittarius,Scorpio,Sagittarius,0.0596,37093,1677
711,Sagittarius,Leo,Gemini,0.0596,37077,1677
712,Scorpio,Scorpio,Cancer,0.0596,37060,1678
713,Aries,Taurus,Scorpio,0.0596,37055,1678
714,Scorpio,Scorpio,Gemini,0.0594,36923,1684
715,Scorpio,Sagittarius,Cancer,0.0594,36919,1684
716,Cancer,Aquarius,Capricorn,0.0594,36910,1685
717,Capricorn,Pisces,Aquarius,0.0592,36811,1689
718,Scorpio,Gemini,Leo,0.0592,36805,1690
719,Scorpio,Leo,Gemini,0.0592,36785,1691
720,Capricorn,Taurus,Virgo,0.0591,36780,1691
721,Scorpio,Libra,Aquarius,0.0591,36772,1691
722,Scorpio,Cancer,Gemini,0.0591,36763,1692
723,Pisces,Aries,Libra,0.0591,36729,1693
724,Aries,Capricorn,Scorpio,0.0590,36721,1693
725,Scorpio,Pisces,Cancer,0.0590,36716,1694
726,Capricorn,Virgo,Leo,0.0588,36595,1699
727,Scorpio,Taurus,Aquarius,0.0588,36582,1700
728,Scorpio,Aries,Aquarius,0.0588,36570,1700
729,Leo,Sagittarius,Leo,0.0588,36570,1701
730,Leo,Pisces,Leo,0.0587,36477,1705
731,Capricorn,Capricorn,Aquarius,0.0585,36370,1710
732,Capricorn,Capricorn,Taurus,0.0584,36336,1711
733,Scorpio,Scorpio,Aquarius,0.0584,36333,1712
734,Sagittarius,Pisces,Sagittarius,0.0584,36327,1712
735,Capricorn,Libra,Leo,0.0583,36232,1716
736,Cancer,Cancer,Capricorn,0.0583,36232,1716
737,Capricorn,Cancer,Virgo,0.0581,36141,1721
738,Capricorn,Aquarius,Virgo,0.0581,36131,1721
739,Scorpio,Gemini,Gemini,0.0580,36095,1723
740,Scorpio,Sagittarius,Scorpio,0.0580,36094,1723
741,Aries,Pisces,Scorpio,0.0580,36070,1724
742,Scorpio,Capricorn,Cancer,0.0580,36066,1724
743,Libra,Aquarius,Aquarius,0.0579,36017,1727
744,Pisces,Pisces,Scorpio,0.0579,36009,1727
745,Pisces,Cancer,Scorpio,0.0578,35970,1729
746,Cancer,Pisces,Cancer,0.0578,35951,1730
747,Scorpio,Taurus,Gemini,0.0578,35932,1731
748,Pisces,Virgo,Scorpio,0.0577,35881,1733
749,Virgo,Cancer,Aquarius,0.0577,35871,1734
750,Aries,Virgo,Scorpio,0.0577,35864,1734
751,Virgo,Pisces,Aquarius,0.0576,35844,1735
752,Aries,Pisces,Taurus,0.0576,35798,1737
753,Capricorn,Aries,Taurus,0.0575,35769,1739
754,Pisces,Taurus,Scorpio,0.0575,35762,1739
755,Leo,Capricorn,Leo,0.0573,35614,1746
756,Scorpio,Virgo,Gemini,0.0572,35602,1747
757,Scorpio,Pisces,Gemini,0.0572,35559,1749
758,Cancer,Pisces,Capricorn,0.0572,35547,1749
759,Aquarius,Aquarius,Libra,0.0571,35534,1750
760,Pisces,Aquarius,Scorpio,0.0570,35416,1756
761,Scorpio,Virgo,Cancer,0.0569,35397,1757
762,Sagittarius,Leo,Aquarius,0.0569,35360,1759
763,Pisces,Leo,Libra,0.0569,35358,1759
764,Taurus,Sagittarius,Sagittarius,0.0568,35332,1760
765,Virgo,Capricorn,Aquarius,0.0568,35325,1760
766,Capricorn,Taurus,Taurus,0.0568,35305,1761
767,Capricorn,Scorpio,Capricorn,0.0567,35248,1764
768,Leo,Leo,Leo,0.0567,35232,1765
769,Libra,Gemini,Aquarius,0.0566,35224,1765
770,Capricorn,Aries,Capricorn,0.0566,35193,1767
771,Aries,Leo,Taurus,0.0566,35188,1767
772,Scorpio,Taurus,Cancer,0.0565,35161,1769
773,Aquarius,Capricorn,Libra,0.0564,35094,1772
774,Pisces,Leo,Taurus,0.0563,35040,1775
775,Virgo,Aries,Aquarius,0.0563,35026,1775
776,Pisces,Aquarius,Taurus,0.0563,35022,1776
777,Capricorn,Sagittarius,Virgo,0.0563,35009,1776
778,Aries,Aquarius,Taurus,0.0563,34997,1777
779,Capricorn,Capricorn,Virgo,0.0562,34937,1780
780,Pisces,Libra,Taurus,0.0561,34859,1784
781,Aquarius,Libra,Libra,0.0559,34793,1787
782,Capricorn,Taurus,Aquarius,0.0559,34790,1788
783,Libra,Capricorn,Aquarius,0.0559,34789,1788
784,Pisces,Aries,Taurus,0.0559,34787,1788
785,Cancer,Taurus,Cancer,0.0559,34783,1788
786,Capricorn,Aquarius,Taurus,0.0559,34755,1789
787,Sagittarius,Aquarius,Leo,0.0558,34720,1791
788,Taurus,Scorpio,Sagittarius,0.0558,34697,1792
789,Taurus,Taurus,Sagittarius,0.0557,34661,1794
790,Libra,Leo,Aquarius,0.0557,34660,1794
791,Scorpio,Gemini,Aquarius,0.0555,34541,1800
792,Capricorn,Leo,Gemini,0.0555,34519,1802
793,Scorpio,Aries,Gemini,0.0555,34484,1803
794,Sagittarius,Sagittarius,Leo,0.0553,34411,1807
795,Capricorn,Gemini,Gemini,0.0553,34411,1807
796,Capricorn,Sagittarius,Aquarius,0.0553,34391,1808
797,Taurus,Gemini,Sagittarius,0.0553,34374,1809
798,Libra,Cancer,Cancer,0.0553,34370,1809
799,Capricorn,Sagittarius,Capricorn,0.0552,34307,1813
800,Cancer,Gemini,Capricorn,0.0551,34274,1814
801,Sagittarius,Virgo,Sagittarius,0.0551,34268,1815
802,Cancer,Cancer,Cancer,0.0551,34254,1815
803,Cancer,Gemini,Cancer,0.0549,34164,1820
804,Scorpio,Aries,Leo,0.0549,34132,1822
805,Cancer,Libra,Capricorn,0.0548,34093,1824
806,Pisces,Taurus,Taurus,0.0548,34093,1824
807,Sagittarius,Aries,Aquarius,0.0548,34092,1824
808,Libra,Sagittarius,Gemini,0.0547,34016,1828
809,Capricorn,Scorpio,Virgo,0.0547,33998,1829
810,Taurus,Pisces,Sagittarius,0.0546,33962,1831
811,Aquarius,Taurus,Libra,0.0546,33945,1832
812,Aries,Taurus,Taurus,0.0546,33939,1832
813,Sagittarius,Scorpio,Taurus,0.0546,33930,1833
814,Cancer,Virgo,Capricorn,0.0545,33904,1834
815,Capricorn,Gemini,Taurus,0.0545,33873,1836
816,Scorpio,Leo,Leo,0.0545,33867,1836
817,Cancer,Sagittarius,Cancer,0.0544,33835,1838
818,Pisces,Sagittarius,Libra,0.0543,33797,1840
819,Aquarius,Virgo,Libra,0.0543,33794,1840
820,Scorpio,Sagittarius,Gemini,0.0543,33782,1841
821,Pisces,Gemini,Taurus,0.0542,33683,1846
822,Cancer,Leo,Capricorn,0.0541,33624,1849
823,Pisces,Capricorn,Taurus,0.0540,33564,1853
824,Libra,Aries,Aquarius,0.0539,33506,1856
825,Capricorn,Scorpio,Taurus,0.0539,33489,1857
826,Aquarius,Capricorn,Taurus,0.0538,33485,1857
827,Virgo,Sagittarius,Leo,0.0538,33484,1857
828,Sagittarius,Scorpio,Aquarius,0.0538,33464,1858
829,Libra,Libra,Aquarius,0.0537,33406,1862
830,Libra,Capricorn,Leo,0.0537,33391,1862
831,Libra,Leo,Gemini,0.0537,33369,1864
832,Aquarius,Libra,Taurus,0.0536,33352,1865
833,Capricorn,Virgo,Capricorn,0.0536,33341,1865
834,Sagittarius,Aries,Aries,0.0536,33336,1865
835,Scorpio,Capricorn,Gemini,0.0536,33313,1867
836,Virgo,Gemini,Aquarius,0.0536,33304,1867
837,Capricorn,Leo,Virgo,0.0535,33293,1868
838,Pisces,Gemini,Scorpio,0.0535,33292,1868
839,Aquarius,Pisces,Libra,0.0535,33289,1868
840,Sagittarius,Cancer,Aquarius,0.0535,33284,1868
841,Capricorn,Aquarius,Capricorn,0.0535,33284,1868
842,Cancer,Capricorn,Capricorn,0.0535,33283,1868
843,Virgo,Leo,Cancer,0.0535,33266,1869
844,Capricorn,Gemini,Virgo,0.0535,33262,1870
845,Aquarius,Leo,Taurus,0.0534,33232,1871
846,Pisces,Capricorn,Scorpio,0.0534,33203,1873
847,Pisces,Aries,Scorpio,0.0533,33133,1877
848,Aries,Virgo,Taurus,0.0533,33126,1877
849,Virgo,Pisces,Leo,0.0532,33084,1880
850,Sagittarius,Leo,Virgo,0.0532,33074,1880
851,Aquarius,Aries,Scorpio,0.0532,33053,1881
852,Libra,Cancer,Gemini,0.0531,33012,1884
853,Cancer,Aries,Cancer,0.0531,33009,1884
854,Sagittarius,Cancer,Taurus,0.0531,32993,1885
855,Pisces,Scorpio,Taurus,0.0530,32956,1887
856,Capricorn,Sagittarius,Taurus,0.0530,32952,1887
857,Scorpio,Capricorn,Leo,0.0530,32952,1887
858,Libra,Taurus,Cancer,0.0530,32933,1888
859,Cancer,Scorpio,Cancer,0.0530,32932,1888
860,Virgo,Gemini,Leo,0.0529,32921,1889
861,Aquarius,Cancer,Libra,0.0529,32913,1889
862,Virgo,Scorpio,Leo,0.0529,32909,1890
863,Aries,Capricorn,Taurus,0.0529,32909,1890
864,Virgo,Leo,Leo,0.0529,32908,1890
865,Cancer,Scorpio,Capricorn,0.0529,32869,1892
866,Sagittarius,Cancer,Aries,0.0528,32829,1894
867,Sagittarius,Aries,Pisces,0.0527,32786,1897
868,Sagittarius,Aries,Taurus,0.0527,32770,1898
869,Capricorn,Aries,Aquarius,0.0527,32751,1899
870,Sagittarius,Leo,Pisces,0.0527,32746,1899
871,Virgo,Cancer,Leo,0.0527,32745,1899
872,Pisces,Libra,Scorpio,0.0526,32725,1900
873,Capricorn,Virgo,Virgo,0.0526,32685,1903
874,Libra,Capricorn,Cancer,0.0525,32675,1903
875,Scorpio,Leo,Aquarius,0.0525,32667,1904
876,Virgo,Virgo,Aquarius,0.0525,32644,1905
877,Libra,Virgo,Aquarius,0.0525,32640,1905
878,Capricorn,Gemini,Capricorn,0.0525,32636,1905
879,Scorpio,Aquarius,Aquarius,0.0525,32626,1906
880,Aquarius,Taurus,Taurus,0.0525,32625,1906
881,Libra,Leo,Cancer,0.0523,32541,1911
882,Sagittarius,Pisces,Virgo,0.0523,32536,1911
883,Virgo,Taurus,Cancer,0.0523,32532,1912
884,Gemini,Pisces,Capricorn,0.0523,32521,1912
885,Libra,Gemini,Cancer,0.0522,32476,1915
886,Aquarius,Sagittarius,Taurus,0.0522,32472,1915
887,Pisces,Cancer,Taurus,0.0522,32466,1915
888,Pisces,Leo,Scorpio,0.0522,32457,1916
889,Aries,Gemini,Taurus,0.0521,32421,1918
890,Aquarius,Taurus,Pisces,0.0521,32417,1918
891,Cancer,Leo,Cancer,0.0521,32372,1921
892,Sagittarius,Cancer,Virgo,0.0520,32368,1921
893,Aries,Aries,Taurus,0.0520,32365,1921
894,Capricorn,Taurus,Libra,0.0520,32364,1922
895,Libra,Aries,Gemini,0.0520,32356,1922
896,Capricorn,Libra,Gemini,0.0520,32329,1924
897,Aries,Sagittarius,Taurus,0.0519,32285,1926
898,Virgo,Taurus,Aquarius,0.0519,32282,1926
899,Capricorn,Libra,Taurus,0.0518,32241,1929
900,Capricorn,Cancer,Capricorn,0.0518,32223,1930
901,Scorpio,Virgo,Leo,0.0518,32196,1932
902,Aquarius,Gemini,Taurus,0.0518,32190,1932
903,Sagittarius,Taurus,Virgo,0.0518,32186,1932
904,Sagittarius,Scorpio,Virgo,0.0517,32144,1935
905,Libra,Libra,Cancer,0.0516,32115,1936
906,Libra,Sagittarius,Cancer,0.0516,32102,1937
907,Sagittarius,Aries,Virgo,0.0515,32057,1940
908,Libra,Aries,Cancer,0.0515,32028,1942
909,Aquarius,Virgo,Taurus,0.0515,32028,1942
910,Capricorn,Libra,Virgo,0.0514,31990,1944
911,Gemini,Libra,Capricorn,0.0514,31962,1946
912,Libra,Taurus,Gemini,0.0514,31950,1946
913,Pisces,Pisces,Taurus,0.0514,31936,1947
914,Scorpio,Gemini,Virgo,0.0513,31900,1949
915,Virgo,Capricorn,Cancer,0.0513,31896,1950
916,Libra,Libra,Gemini,0.0513,31879,1951
917,Libra,Virgo,Leo,0.0513,31873,1951
918,Aquarius,Leo,Scorpio,0.0512,31846,1953
919,Leo,Taurus,Cancer,0.0512,31829,1954
920,Aquarius,Aries,Taurus,0.0511,31803,1955
921,Libra,Taurus,Leo,0.0511,31797,1956
922,Aries,Scorpio,Sagittarius,0.0511,31788,1956
923,Libra,Aquarius,Cancer,0.0511,31775,1957
924,Cancer,Virgo,Cancer,0.0510,31723,1960
925,Libra,Taurus,Aquarius,0.0510,31703,1962
926,Leo,Libra,Cancer,0.0510,31703,1962
927,Pisces,Sagittarius,Scorpio,0.0510,31699,1962
928,Capricorn,Cancer,Aquarius,0.0509,31676,1963
929,Libra,Virgo,Virgo,0.0509,31676,1963
930,Aries,Gemini,Sagittarius,0.0509,31671,1964
931,Pisces,Aquarius,Aries,0.0509,31640,1965
932,Libra,Pisces,Cancer,0.0509,31633,1966
933,Aries,Cancer,Sagittarius,0.0509,31631,1966
934,Virgo,Taurus,Leo,0.0509,31631,1966
935,Sagittarius,Virgo,Virgo,0.0509,31625,1966
936,Aquarius,Cancer,Taurus,0.0508,31611,1967
937,Sagittarius,Capricorn,Virgo,0.0508,31603,1968
938,Leo,Libra,Aquarius,0.0508,31571,1970
939,Scorpio,Pisces,Leo,0.0508,31564,1970
940,Sagittarius,Aquarius,Pisces,0.0506,31460,1977
941,Pisces,Sagittarius,Taurus,0.0506,31460,1977
942,Libra,Capricorn,Gemini,0.0506,31455,1977
943,Leo,Aries,Cancer,0.0505,31413,1980
944,Virgo,Sagittarius,Aquarius,0.0505,31410,1980
945,Libra,Cancer,Aquarius,0.0505,31406,1980
946,Pisces,Aries,Aries,0.0505,31378,1982
947,Cancer,Aquarius,Cancer,0.0504,31356,1983
948,Capricorn,Scorpio,Aquarius,0.0504,31350,1984
949,Scorpio,Virgo,Taurus,0.0503,31304,1987
950,Sagittarius,Scorpio,Aries,0.0503,31297,1987
951,Libra,Cancer,Leo,0.0503,31288,1988
952,Capricorn,Leo,Taurus,0.0503,31283,1988
953,Scorpio,Scorpio,Leo,0.0503,31282,1988
954,Pisces,Gemini,Aries,0.0503,31277,1988
955,Aries,Capricorn,Sagittarius,0.0503,31276,1988
956,Scorpio,Gemini,Taurus,0.0503,31268,1989
957,Libra,Scorpio,Cancer,0.0502,31235,1991
958,Scorpio,Cancer,Taurus,0.0502,31225,1992
959,Scorpio,Pisces,Taurus,0.0502,31224,1992
960,Pisces,Leo,Aries,0.0502,31222,1992
961,Pisces,Virgo,Taurus,0.0501,31182,1994
962,Sagittarius,Pisces,Taurus,0.0501,31161,1996
963,Sagittarius,Sagittarius,Aquarius,0.0501,31158,1996
964,Scorpio,Sagittarius,Leo,0.0501,31138,1997
965,Capricorn,Scorpio,Libra,0.0501,31127,1998
966,Aries,Taurus,Sagittarius,0.0500,31122,1998
967,Scorpio,Scorpio,Taurus,0.0500,31097,2000
968,Sagittarius,Gemini,Virgo,0.0500,31085,2001
969,Aquarius,Leo,Pisces,0.0499,31056,2002
970,Scorpio,Aquarius,Taurus,0.0499,31038,2004
971,Cancer,Libra,Cancer,0.0499,31036,2004
972,Libra,Gemini,Virgo,0.0499,31022,2005
973,Scorpio,Capricorn,Taurus,0.0499,31007,2006
974,Scorpio,Capricorn,Pisces,0.0499,31002,2006
975,Scorpio,Cancer,Leo,0.0498,30996,2006
976,Leo,Gemini,Cancer,0.0498,30947,2009
977,Sagittarius,Pisces,Aries,0.0497,30923,2011
978,Libra,Capricorn,Virgo,0.0497,30921,2011
979,Virgo,Aries,Leo,0.0497,30900,2013
980,Aquarius,Libra,Scorpio,0.0497,30891,2013
981,Taurus,Libra,Sagittarius,0.0497,30880,2014
982,Aquarius,Libra,Pisces,0.0496,30873,2014
983,Taurus,Cancer,Sagittarius,0.0496,30849,2016
984,Libra,Taurus,Virgo,0.0496,30845,2016
985,Sagittarius,Libra,Virgo,0.0496,30841,2016
986,Aquarius,Pisces,Taurus,0.0496,30841,2016
987,Capricorn,Virgo,Aquarius,0.0496,30822,2018
988,Libra,Aquarius,Gemini,0.0496,30816,2018
989,Scorpio,Libra,Taurus,0.0495,30793,2019
990,Virgo,Leo,Aquarius,0.0495,30789,2020
991,Aquarius,Sagittarius,Scorpio,0.0495,30783,2020
992,Libra,Virgo,Cancer,0.0494,30729,2024
993,Aquarius,Capricorn,Pisces,0.0494,30722,2024
994,Virgo,Sagittarius,Cancer,0.0494,30719,2024
995,Scorpio,Pisces,Pisces,0.0493,30678,2027
996,Virgo,Gemini,Cancer,0.0493,30654,2029
997,Sagittarius,Libra,Aries,0.0493,30638,2030
998,Scorpio,Aquarius,Libra,0.0492,30617,2031
999,Libra,Sagittarius,Aquarius,0.0492,30617,2031
1000,Sagittarius,Taurus,Taurus,0.0492,30581,2034
1001,Virgo,Cancer,Cancer,0.0492,30579,2034
1002,Libra,Gemini,Gemini,0.0491,30551,2036
1003,Sagittarius,Leo,Taurus,0.0491,30547,2036
1004,Libra,Aquarius,Virgo,0.0491,30542,2036
1005,Sagittarius,Libra,Scorpio,0.0491,30530,2037
1006,Libra,Gemini,Leo,0.0491,30526,2037
1007,Aries,Libra,Taurus,0.0491,30514,2038
1008,Gemini,Aquarius,Capricorn,0.0491,30509,2038
1009,Sagittarius,Aquarius,Aquarius,0.0490,30486,2040
1010,Sagittarius,Sagittarius,Virgo,0.0490,30454,2042
1011,Capricorn,Virgo,Taurus,0.0490,30447,2042
1012,Leo,Leo,Aquarius,0.0489,30436,2043
1013,Cancer,Capricorn,Cancer,0.0489,30406,2045
1014,Scorpio,Cancer,Pisces,0.0489,30387,2046
1015,Gemini,Taurus,Capricorn,0.0488,30372,2048
1016,Libra,Pisces,Gemini,0.0488,30349,2049
1017,Leo,Aquarius,Cancer,0.0488,30343,2049
1018,Scorpio,Taurus,Leo,0.0488,30325,2051
1019,Sagittarius,Libra,Libra,0.0487,30295,2053
1020,Sagittarius,Cancer,Scorpio,0.0487,30293,2053
1021,Sagittarius,Libra,Aquarius,0.0487,30285,2053
1022,Aries,Aquarius,Sagittarius,0.0487,30268,2055
1023,Aquarius,Aquarius,Scorpio,0.0486,30241,2056
1024,Capricorn,Taurus,Scorpio,0.0486,30213,2058
1025,Libra,Pisces,Leo,0.0486,30210,2058
1026,Gemini,Scorpio,Capricorn,0.0486,30209,2059
1027,Aquarius,Scorpio,Libra,0.0485,30170,2061
1028,Virgo,Pisces,Cancer,0.0485,30163,2062
1029,Libra,Aries,Leo,0.0485,30160,2062
1030,Aquarius,Gemini,Scorpio,0.0485,30145,2063
1031,Sagittarius,Pisces,Aquarius,0.0484,30117,2065
1032,Capricorn,Aries,Libra,0.0484,30078,2068
1033,Libra,Scorpio,Aquarius,0.0484,30068,2068
1034,Aries,Sagittarius,Sagittarius,0.0483,30058,2069
1035,Virgo,Leo,Gemini,0.0483,30029,2071
1036,Sagittarius,Capricorn,Taurus,0.0483,30028,2071
1037,Capricorn,Pisces,Libra,0.0483,30016,2072
1038,Sagittarius,Gemini,Aquarius,0.0482,30002,2073
1039,Virgo,Aquarius,Leo,0.0482,30001,2073
1040,Scorpio,Aries,Virgo,0.0482,30000,2073
1041,Virgo,Scorpio,Cancer,0.0482,29979,2074
1042,Leo,Aries,Aquarius,0.0482,29972,2075
1043,Sagittarius,Aries,Scorpio,0.0482,29965,2075
1044,Scorpio,Sagittarius,Aquarius,0.0482,29963,2075
1045,Scorpio,Aries,Taurus,0.0482,29963,2075
1046,Virgo,Capricorn,Leo,0.0482,29944,2077
1047,Gemini,Cancer,Capricorn,0.0481,29937,2077
1048,Aquarius,Taurus,Scorpio,0.0481,29935,2077
1049,Scorpio,Libra,Virgo,0.0481,29917,2079
1050,Virgo,Virgo,Leo,0.0481,29899,2080
1051,Leo,Cancer,Cancer,0.0481,29886,2081
1052,Capricorn,Gemini,Aquarius,0.0480,29866,2082
1053,Libra,Leo,Leo,0.0480,29860,2083
1054,Gemini,Gemini,Capricorn,0.0480,29831,2085
1055,Aries,Aries,Sagittarius,0.0480,29826,2085
1056,Sagittarius,Aquarius,Virgo,0.0479,29809,2086
1057,Capricorn,Leo,Capricorn,0.0479,29793,2087
1058,Capricorn,Capricorn,Libra,0.0479,29791,2087
1059,Sagittarius,Sagittarius,Pisces,0.0479,29765,2089
1060,Libra,Leo,Virgo,0.0478,29739,2091
1061,Aries,Pisces,Sagittarius,0.0478,29730,2092
1062,Virgo,Scorpio,Gemini,0.0478,29729,2092
1063,Aquarius,Pisces,Pisces,0.0477,29687,2095
1064,Sagittarius,Cancer,Pisces,0.0477,29667,2096
1065,Scorpio,Libra,Libra,0.0477,29645,2098
1066,Sagittarius,Taurus,Aquarius,0.0477,29633,2099
1067,Virgo,Virgo,Cancer,0.0476,29610,2100
1068,Aquarius,Capricorn,Scorpio,0.0476,29582,2102
1069,Scorpio,Leo,Virgo,0.0475,29566,2103
1070,Scorpio,Libra,Aries,0.0475,29564,2103
1071,Leo,Aquarius,Aquarius,0.0475,29561,2104
1072,Scorpio,Virgo,Pisces,0.0475,29557,2104
1073,Capricorn,Taurus,Sagittarius,0.0475,29555,2104
1074,Capricorn,Aquarius,Libra,0.0475,29538,2105
1075,Aquarius,Libra,Aries,0.0475,29535,2106
1076,Pisces,Sagittarius,Aries,0.0475,29534,2106
1077,Capricorn,Aquarius,Aquarius,0.0474,29506,2108
1078,Scorpio,Leo,Taurus,0.0474,29489,2109
1079,Scorpio,Sagittarius,Virgo,0.0474,29470,2110
1080,Capricorn,Aquarius,Scorpio,0.0474,29468,2110
1081,Sagittarius,Gemini,Taurus,0.0474,29460,2111
1082,Scorpio,Gemini,Libra,0.0474,29447,2112
1083,Capricorn,Cancer,Taurus,0.0473,29421,2114
1084,Libra,Leo,Taurus,0.0473,29404,2115
1085,Aquarius,Aquarius,Taurus,0.0473,29403,2115
1086,Libra,Virgo,Gemini,0.0473,29391,2116
1087,Scorpio,Aquarius,Virgo,0.0472,29381,2117
1088,Libra,Libra,Virgo,0.0472,29370,2117
1089,Sagittarius,Leo,Libra,0.0472,29350,2119
1090,Pisces,Scorpio,Sagittarius,0.0472,29340,2119
1091,Aquarius,Scorpio,Pisces,0.0471,29319,2121
1092,Virgo,Aries,Cancer,0.0471,29290,2123
1093,Aquarius,Aries,Sagittarius,0.0471,29290,2123
1094,Virgo,Taurus,Gemini,0.0471,29276,2124
1095,Sagittarius,Cancer,Libra,0.0471,29268,2125
1096,Aquarius,Taurus,Aries,0.0470,29254,2126
1097,Virgo,Capricorn,Gemini,0.0470,29250,2126
1098,Virgo,Gemini,Gemini,0.0470,29236,2127
1099,Gemini,Aries,Capricorn,0.0469,29193,2130
1100,Libra,Sagittarius,Leo,0.0469,29179,2131
1101,Sagittarius,Scorpio,Pisces,0.0469,29164,2132
1102,Capricorn,Taurus,Aries,0.0469,29152,2133
1103,Sagittarius,Aquarius,Libra,0.0469,29144,2134
1104,Libra,Libra,Leo,0.0469,29143,2134
1105,Libra,Libra,Pisces,0.0469,29140,2134
1106,Sagittarius,Pisces,Libra,0.0468,29134,2135
1107,Leo,Sagittarius,Cancer,0.0468,29128,2135
1108,Aquarius,Cancer,Scorpio,0.0468,29127,2135
1109,Aries,Leo,Sagittarius,0.0468,29120,2136
1110,Libra,Scorpio,Leo,0.0468,29111,2136
1111,Sagittarius,Gemini,Pisces,0.0468,29087,2138
1112,Pisces,Capricorn,Sagittarius,0.0468,29087,2138
1113,Sagittarius,Sagittarius,Aries,0.0468,29075,2139
1114,Libra,Gemini,Taurus,0.0467,29071,2139
1115,Libra,Aries,Virgo,0.0467,29061,2140
1116,Libra,Aquarius,Pisces,0.0467,29056,2140
1117,Capricorn,Sagittarius,Libra,0.0467,29054,2140
1118,Leo,Gemini,Aquarius,0.0467,29047,2141
1119,Sagittarius,Sagittarius,Scorpio,0.0467,29031,2142
1120,Gemini,Virgo,Capricorn,0.0467,29031,2142
1121,Sagittarius,Leo,Scorpio,0.0467,29020,2143
1122,Sagittarius,Taurus,Pisces,0.0466,29006,2144
1123,Capricorn,Scorpio,Aries,0.0466,28983,2146
1124,Scorpio,Scorpio,Pisces,0.0466,28981,2146
1125,Scorpio,Leo,Libra,0.0466,28970,2147
1126,Libra,Scorpio,Virgo,0.0465,28923,2150
1127,Scorpio,Scorpio,Virgo,0.0465,28916,2151
1128,Scorpio,Sagittarius,Libra,0.0465,28909,2151
1129,Scorpio,Virgo,Virgo,0.0465,28906,2151
1130,Virgo,Libra,Leo,0.0464,28856,2155
1131,Capricorn,Scorpio,Scorpio,0.0464,28843,2156
1132,Aquarius,Scorpio,Taurus,0.0464,28838,2156
1133,Virgo,Pisces,Gemini,0.0463,28786,2160
1134,Pisces,Libra,Aries,0.0463,28782,2161
1135,Aquarius,Virgo,Scorpio,0.0463,28768,2162
1136,Pisces,Taurus,Sagittarius,0.0463,28767,2162
1137,Libra,Aquarius,Leo,0.0462,28749,2163
1138,Libra,Pisces,Virgo,0.0462,28721,2165
1139,Sagittarius,Taurus,Libra,0.0462,28709,2166
1140,Virgo,Libra,Cancer,0.0461,28684,2168
1141,Aquarius,Cancer,Pisces,0.0461,28674,2169
1142,Sagittarius,Libra,Pisces,0.0461,28665,2169
1143,Pisces,Taurus,Aries,0.0461,28646,2171
1144,Leo,Taurus,Aquarius,0.0461,28645,2171
1145,Sagittarius,Gemini,Scorpio,0.0461,28638,2171
1146,Sagittarius,Capricorn,Aquarius,0.0460,28636,2172
1147,Aquarius,Libra,Aquarius,0.0460,28636,2172
1148,Libra,Cancer,Virgo,0.0460,28634,2172
1149,Capricorn,Libra,Aquarius,0.0460,28625,2172
1150,Scorpio,Virgo,Libra,0.0460,28620,2173
1151,Sagittarius,Aquarius,Aries,0.0460,28603,2174
1152,Gemini,Sagittarius,Capricorn,0.0460,28601,2174
1153,Capricorn,Libra,Capricorn,0.0460,28595,2175
1154,Aquarius,Aquarius,Pisces,0.0460,28578,2176
1155,Capricorn,Capricorn,Scorpio,0.0460,28576,2176
1156,Libra,Aries,Pisces,0.0459,28563,2177
1157,Scorpio,Aries,Libra,0.0459,28549,2178
1158,Capricorn,Pisces,Scorpio,0.0459,28543,2179
1159,Aquarius,Gemini,Aquarius,0.0459,28535,2179
1160,Virgo,Taurus,Taurus,0.0459,28533,2179
1161,Sagittarius,Aries,Libra,0.0459,28529,2180
1162,Libra,Aquarius,Taurus,0.0459,28515,2181
1163,Libra,Leo,Pisces,0.0458,28503,2182
1164,Gemini,Pisces,Gemini,0.0458,28468,2184
1165,Scorpio,Capricorn,Virgo,0.0458,28466,2185
1166,Capricorn,Pisces,Pisces,0.0458,28466,2185
1167,Pisces,Cancer,Sagittarius,0.0458,28456,2185
1168,Pisces,Libra,Sagittarius,0.0457,28434,2187
1169,Sagittarius,Libra,Taurus,0.0457,28430,2187
1170,Aries,Virgo,Sagittarius,0.0457,28420,2188
1171,Scorpio,Pisces,Virgo,0.0457,28413,2189
1172,Scorpio,Capricorn,Aries,0.0457,28407,2189
1173,Virgo,Aquarius,Cancer,0.0457,28397,2190
1174,Sagittarius,Capricorn,Pisces,0.0457,28392,2190
1175,Sagittarius,Leo,Aries,0.0456,28385,2191
1176,Leo,Capricorn,Cancer,0.0456,28355,2193
1177,Scorpio,Pisces,Libra,0.0456,28354,2193
1178,Aries,Libra,Sagittarius,0.0456,28351,2194
1179,Leo,Virgo,Cancer,0.0456,28329,2195
1180,Libra,Aries,Taurus,0.0455,28312,2196
1181,Capricorn,Aries,Aries,0.0455,28310,2197
1182,Leo,Pisces,Aquarius,0.0455,28308,2197
1183,Aquarius,Libra,Sagittarius,0.0454,28242,2202
1184,Pisces,Capricorn,Aries,0.0454,28230,2203
1185,Pisces,Scorpio,Aries,0.0454,28218,2204
1186,Aquarius,Capricorn,Aries,0.0453,28195,2206
1187,Aquarius,Aries,Aries,0.0453,28186,2206
1188,Scorpio,Taurus,Taurus,0.0453,28177,2207
1189,Scorpio,Leo,Pisces,0.0453,28160,2208
1190,Capricorn,Aries,Pisces,0.0453,28156,2209
1191,Capricorn,Aries,Scorpio,0.0452,28117,2212
1192,Sagittarius,Aquarius,Scorpio,0.0451,28076,2215
1193,Aquarius,Virgo,Aries,0.0451,28066,2216
1194,Scorpio,Cancer,Virgo,0.0451,28046,2217
1195,Scorpio,Aries,Pisces,0.0451,28042,2218
1196,Leo,Sagittarius,Aquarius,0.0451,28038,2218
1197,Scorpio,Pisces,Aries,0.0451,28028,2219
1198,Capricorn,Leo,Libra,0.0450,28010,2220
1199,Libra,Gemini,Pisces,0.0450,27987,2222
1200,Sagittarius,Virgo,Pisces,0.0450,27987,2222
1201,Leo,Leo,Cancer,0.0450,27962,2224
1202,Pisces,Aquarius,Sagittarius,0.0449,27947,2225
1203,Virgo,Virgo,Gemini,0.0449,27937,2226
1204,Scorpio,Leo,Aries,0.0449,27914,2228
1205,Aquarius,Pisces,Scorpio,0.0449,27905,2229
1206,Capricorn,Pisces,Aries,0.0449,27893,2229
1207,Sagittarius,Gemini,Aries,0.0448,27881,2230
1208,Libra,Sagittarius,Virgo,0.0448,27860,2232
1209,Capricorn,Aquarius,Aries,0.0448,27858,2232
1210,Leo,Pisces,Cancer,0.0448,27846,2233
1211,Sagittarius,Virgo,Aquarius,0.0448,27840,2234
1212,Scorpio,Cancer,Libra,0.0448,27833,2234
1213,Sagittarius,Aquarius,Taurus,0.0448,27831,2234
1214,Capricorn,Cancer,Libra,0.0447,27814,2236
1215,Virgo,Cancer,Gemini,0.0447,27798,2237
1216,Capricorn,Sagittarius,Aries,0.0447,27769,2239
1217,Pisces,Pisces,Sagittarius,0.0446,27739,2242
1218,Capricorn,Gemini,Libra,0.0445,27696,2245
1219,Sagittarius,Gemini,Libra,0.0445,27691,2246
1220,Virgo,Aries,Gemini,0.0445,27688,2246
1221,Libra,Sagittarius,Taurus,0.0445,27687,2246
1222,Leo,Virgo,Aquarius,0.0445,27666,2248
1223,Sagittarius,Scorpio,Libra,0.0445,27648,2249
1224,Scorpio,Taurus,Pisces,0.0444,27619,2252
1225,Pisces,Gemini,Sagittarius,0.0444,27612,2252
1226,Capricorn,Gemini,Pisces,0.0444,27610,2252
1227,Sagittarius,Virgo,Aries,0.0444,27610,2252
1228,Aquarius,Virgo,Pisces,0.0444,27609,2252
1229,Libra,Pisces,Aquarius,0.0444,27599,2253
1230,Sagittarius,Pisces,Pisces,0.0444,27591,2254
1231,Libra,Capricorn,Taurus,0.0444,27583,2255
1232,Gemini,Capricorn,Capricorn,0.0443,27575,2255
1233,Aquarius,Sagittarius,Aries,0.0443,27544,2258
1234,Sagittarius,Virgo,Taurus,0.0443,27525,2259
1235,Aquarius,Sagittarius,Sagittarius,0.0442,27517,2260
1236,Libra,Scorpio,Gemini,0.0442,27491,2262
1237,Scorpio,Scorpio,Libra,0.0440,27393,2270
1238,Libra,Sagittarius,Aries,0.0440,27350,2274
1239,Aquarius,Gemini,Sagittarius,0.0440,27341,2274
1240,Capricorn,Leo,Aquarius,0.0440,27337,2275
1241,Aquarius,Leo,Aquarius,0.0439,27287,2279
1242,Scorpio,Capricorn,Libra,0.0439,27284,2279
1243,Aquarius,Gemini,Pisces,0.0439,27282,2279
1244,Libra,Sagittarius,Pisces,0.0438,27237,2283
1245,Sagittarius,Sagittarius,Taurus,0.0438,27229,2284
1246,Capricorn,Pisces,Sagittarius,0.0438,27224,2284
1247,Scorpio,Sagittarius,Taurus,0.0438,27217,2285
1248,Gemini,Libra,Gemini,0.0437,27147,2291
1249,Pisces,Virgo,Sagittarius,0.0436,27142,2291
1250,Sagittarius,Taurus,Scorpio,0.0436,27128,2292
1251,Sagittarius,Pisces,Scorpio,0.0436,27125,2293
1252,Leo,Aquarius,Gemini,0.0436,27120,2293
1253,Aquarius,Scorpio,Scorpio,0.0436,27107,2294
1254,Aquarius,Leo,Aries,0.0436,27101,2295
1255,Aquarius,Leo,Sagittarius,0.0436,27097,2295
1256,Sagittarius,Scorpio,Scorpio,0.0436,27092,2295
1257,Capricorn,Aries,Sagittarius,0.0435,27081,2296
1258,Virgo,Aquarius,Aquarius,0.0435,27059,2298
1259,Capricorn,Capricorn,Sagittarius,0.0435,27050,2299
1260,Capricorn,Scorpio,Pisces,0.0435,27022,2301
1261,Capricorn,Capricorn,Aries,0.0433,26957,2307
1262,Virgo,Cancer,Pisces,0.0433,26955,2307
1263,Leo,Cancer,Aquarius,0.0433,26953,2307
1264,Capricorn,Cancer,Scorpio,0.0433,26940,2308
1265,Scorpio,Taurus,Libra,0.0433,26935,2309
1266,Cancer,Aries,Aquarius,0.0433,26919,2310
1267,Gemini,Aries,Gemini,0.0433,26897,2312
1268,Aquarius,Aries,Pisces,0.0432,26877,2314
1269,Capricorn,Cancer,Aries,0.0432,26873,2314
1270,Leo,Gemini,Gemini,0.0432,26869,2314
1271,Virgo,Libra,Aquarius,0.0432,26851,2316
1272,Virgo,Capricorn,Taurus,0.0432,26849,2316
1273,Scorpio,Taurus,Aries,0.0432,26843,2317
1274,Leo,Scorpio,Cancer,0.0431,26827,2318
1275,Leo,Capricorn,Aquarius,0.0431,26822,2319
1276,Leo,Scorpio,Aquarius,0.0431,26791,2321
1277,Capricorn,Taurus,Pisces,0.0431,26788,2321
1278,Leo,Libra,Gemini,0.0430,26761,2324
1279,Scorpio,Libra,Pisces,0.0430,26756,2324
1280,Capricorn,Cancer,Sagittarius,0.0430,26750,2325
1281,Capricorn,Virgo,Scorpio,0.0430,26745,2325
1282,Gemini,Leo,Capricorn,0.0430,26736,2326
1283,Virgo,Scorpio,Taurus,0.0429,26694,2330
1284,Virgo,Aquarius,Gemini,0.0429,26673,2331
1285,Virgo,Libra,Gemini,0.0429,26658,2333
1286,Scorpio,Virgo,Aries,0.0428,26635,2335
1287,Libra,Virgo,Taurus,0.0428,26587,2339
1288,Virgo,Cancer,Taurus,0.0427,26585,2339
1289,Sagittarius,Sagittarius,Libra,0.0427,26575,2340
1290,Capricorn,Gemini,Scorpio,0.0427,26551,2342
1291,Capricorn,Scorpio,Sagittarius,0.0427,26535,2344
1292,Cancer,Aquarius,Aquarius,0.0426,26487,2348
1293,Libra,Pisces,Pisces,0.0425,26432,2353
1294,Virgo,Sagittarius,Gemini,0.0425,26428,2353
1295,Aquarius,Capricorn,Sagittarius,0.0425,26404,2355
1296,Libra,Cancer,Pisces,0.0424,26360,2359
1297,Sagittarius,Capricorn,Aries,0.0424,26345,2360
1298,Gemini,Gemini,Gemini,0.0423,26306,2364
1299,Aquarius,Sagittarius,Pisces,0.0423,26293,2365
1300,Scorpio,Taurus,Virgo,0.0422,26268,2367
1301,Gemini,Capricorn,Gemini,0.0422,26250,2369
1302,Taurus,Leo,Capricorn,0.0422,26243,2370
1303,Capricorn,Sagittarius,Scorpio,0.0422,26236,2370
1304,Libra,Virgo,Pisces,0.0422,26224,2371
1305,Libra,Leo,Aries,0.0421,26203,2373
1306,Scorpio,Cancer,Aries,0.0421,26202,2373
1307,Cancer,Pisces,Gemini,0.0421,26198,2374
1308,Pisces,Aries,Sagittarius,0.0420,26138,2379
1309,Capricorn,Virgo,Libra,0.0420,26138,2379
1310,Sagittarius,Taurus,Aries,0.0419,26087,2384
1311,Aquarius,Aries,Aquarius,0.0419,26083,2384
1312,Libra,Cancer,Taurus,0.0419,26049,2387
1313,Leo,Taurus,Gemini,0.0418,25993,2392
1314,Sagittarius,Capricorn,Scorpio,0.0418,25993,2392
1315,Virgo,Capricorn,Pisces,0.0418,25991,2393
1316,Capricorn,Gemini,Aries,0.0418,25970,2395
1317,Virgo,Pisces,Taurus,0.0417,25947,2397
1318,Libra,Gemini,Aries,0.0417,25925,2399
1319,Leo,Aries,Gemini,0.0417,25911,2400
1320,Gemini,Aquarius,Gemini,0.0417,25905,2401
1321,Capricorn,Aquarius,Sagittarius,0.0416,25889,2402
1322,Scorpio,Gemini,Pisces,0.0416,25887,2402
1323,Capricorn,Sagittarius,Sagittarius,0.0416,25850,2406
1324,Taurus,Capricorn,Capricorn,0.0415,25821,2408
1325,Cancer,Cancer,Aquarius,0.0415,25818,2409
1326,Scorpio,Sagittarius,Pisces,0.0415,25811,2409
1327,Libra,Capricorn,Pisces,0.0415,25790,2411
1328,Aquarius,Virgo,Sagittarius,0.0415,25778,2412
1329,Libra,Capricorn,Aries,0.0414,25765,2414
1330,Taurus,Aries,Capricorn,0.0414,25762,2414
1331,Aquarius,Capricorn,Aquarius,0.0414,25754,2415
1332,Capricorn,Aquarius,Pisces,0.0413,25713,2418
1333,Pisces,Leo,Sagittarius,0.0413,25687,2421
1334,Scorpio,Gemini,Aries,0.0413,25667,2423
1335,Libra,Libra,Taurus,0.0413,25667,2423
1336,Capricorn,Libra,Libra,0.0412,25649,2425
1337,Aquarius,Aquarius,Sagittarius,0.0412,25643,2425
1338,Aquarius,Cancer,Aries,0.0412,25633,2426
1339,Cancer,Taurus,Aquarius,0.0412,25624,2427
1340,Aquarius,Pisces,Sagittarius,0.0412,25623,2427
1341,Cancer,Cancer,Gemini,0.0411,25564,2433
1342,Sagittarius,Virgo,Libra,0.0410,25521,2437
1343,Virgo,Gemini,Pisces,0.0410,25506,2438
1344,Virgo,Virgo,Taurus,0.0410,25494,2439
1345,Aquarius,Virgo,Aquarius,0.0409,25452,2443
1346,Aquarius,Aquarius,Aries,0.0409,25451,2443
1347,Sagittarius,Capricorn,Libra,0.0409,25437,2445
1348,Virgo,Pisces,Pisces,0.0409,25431,2445
1349,Taurus,Sagittarius,Capricorn,0.0408,25397,2449
1350,Cancer,Scorpio,Gemini,0.0408,25392,2449
1351,Capricorn,Leo,Scorpio,0.0408,25373,2451
1352,Scorpio,Aquarius,Aries,0.0408,25367,2452
1353,Libra,Taurus,Aries,0.0408,25361,2452
1354,Libra,Taurus,Pisces,0.0408,25354,2453
1355,Capricorn,Leo,Aries,0.0408,25349,2453
1356,Libra,Aries,Aries,0.0407,25318,2456
1357,Libra,Cancer,Aries,0.0407,25317,2456
1358,Sagittarius,Virgo,Scorpio,0.0407,25309,2457
1359,Capricorn,Virgo,Sagittarius,0.0406,25255,2462
1360,Virgo,Aries,Taurus,0.0406,25225,2465
1361,Capricorn,Capricorn,Pisces,0.0405,25195,2468
1362,Aquarius,Taurus,Sagittarius,0.0404,25118,2476
1363,Aquarius,Aquarius,Aquarius,0.0404,25114,2476
1364,Cancer,Virgo,Aquarius,0.0403,25088,2479
1365,Libra,Taurus,Taurus,0.0403,25086,2479
1366,Scorpio,Aries,Aries,0.0403,25080,2480
1367,Cancer,Leo,Gemini,0.0403,25073,2480
1368,Cancer,Aries,Gemini,0.0403,25052,2482
1369,Aquarius,Taurus,Aquarius,0.0402,25030,2484
1370,Cancer,Sagittarius,Aquarius,0.0402,25012,2486
1371,Virgo,Taurus,Pisces,0.0402,24998,2488
1372,Gemini,Leo,Gemini,0.0402,24988,2489
1373,Leo,Cancer,Gemini,0.0402,24984,2489
1374,Gemini,Virgo,Gemini,0.0401,24954,2492
1375,Taurus,Aquarius,Capricorn,0.0401,24924,2495
1376,Capricorn,Sagittarius,Pisces,0.0401,24922,2495
1377,Libra,Aquarius,Aries,0.0400,24895,2498
1378,Gemini,Taurus,Gemini,0.0400,24889,2499
1379,Gemini,Scorpio,Gemini,0.0400,24858,2502
1380,Cancer,Taurus,Gemini,0.0400,24849,2503
1381,Aquarius,Cancer,Sagittarius,0.0399,24837,2504
1382,Aquarius,Gemini,Aries,0.0398,24766,2511
1383,Libra,Scorpio,Pisces,0.0398,24763,2511
1384,Capricorn,Cancer,Pisces,0.0397,24705,2517
1385,Cancer,Capricorn,Gemini,0.0397,24691,2519
1386,Libra,Libra,Aries,0.0397,24683,2519
1387,Virgo,Virgo,Pisces,0.0397,24663,2521
1388,Scorpio,Sagittarius,Aries,0.0395,24568,2531
1389,Cancer,Leo,Aquarius,0.0395,24537,2534
1390,Virgo,Aries,Pisces,0.0394,24510,2537
1391,Aquarius,Sagittarius,Aquarius,0.0394,24477,2541
1392,Virgo,Gemini,Aries,0.0394,24473,2541
1393,Pisces,Sagittarius,Sagittarius,0.0393,24466,2542
1394,Scorpio,Scorpio,Aries,0.0393,24449,2544
1395,Cancer,Capricorn,Aquarius,0.0393,24430,2546
1396,Libra,Virgo,Aries,0.0392,24401,2549
1397,Virgo,Cancer,Aries,0.0392,24393,2549
1398,Virgo,Gemini,Taurus,0.0392,24387,2550
1399,Virgo,Pisces,Aries,0.0392,24357,2553
1400,Cancer,Gemini,Gemini,0.0392,24350,2554
1401,Leo,Pisces,Gemini,0.0391,24292,2560
1402,Gemini,Sagittarius,Gemini,0.0390,24265,2563
1403,Leo,Virgo,Gemini,0.0390,24260,2563
1404,Virgo,Scorpio,Aries,0.0390,24252,2564
1405,Pisces,Cancer,Aries,0.0390,24251,2564
1406,Taurus,Pisces,Capricorn,0.0390,24242,2565
1407,Leo,Capricorn,Gemini,0.0389,24191,2571
1408,Gemini,Cancer,Gemini,0.0389,24184,2571
1409,Leo,Sagittarius,Gemini,0.0388,24145,2576
1410,Pisces,Pisces,Aries,0.0388,24144,2576
1411,Taurus,Taurus,Capricorn,0.0388,24130,2577
1412,Taurus,Cancer,Capricorn,0.0388,24117,2579
1413,Pisces,Gemini,Capricorn,0.0385,23972,2594
1414,Capricorn,Virgo,Aries,0.0385,23966,2595
1415,Aquarius,Scorpio,Aquarius,0.0385,23956,2596
1416,Capricorn,Libra,Pisces,0.0385,23946,2597
1417,Virgo,Sagittarius,Pisces,0.0385,23914,2600
1418,Virgo,Scorpio,Pisces,0.0384,23887,2603
1419,Taurus,Virgo,Capricorn,0.0384,23880,2604
1420,Aries,Pisces,Capricorn,0.0384,23875,2605
1421,Cancer,Virgo,Gemini,0.0384,23874,2605
1422,Cancer,Gemini,Aquarius,0.0384,23868,2605
1423,Virgo,Sagittarius,Taurus,0.0383,23815,2611
1424,Virgo,Taurus,Aries,0.0383,23811,2612
1425,Cancer,Sagittarius,Gemini,0.0382,23784,2615
1426,Aquarius,Scorpio,Aries,0.0382,23783,2615
1427,Scorpio,Aquarius,Pisces,0.0382,23762,2617
1428,Leo,Leo,Gemini,0.0382,23755,2618
1429,Leo,Scorpio,Gemini,0.0382,23754,2618
1430,Libra,Pisces,Taurus,0.0382,23727,2621
1431,Capricorn,Libra,Aries,0.0381,23694,2625
1432,Aquarius,Pisces,Aries,0.0381,23687,2625
1433,Taurus,Gemini,Capricorn,0.0381,23681,2626
1434,Leo,Libra,Taurus,0.0380,23645,2630
1435,Aquarius,Scorpio,Sagittarius,0.0380,23619,2633
1436,Aquarius,Aries,Capricorn,0.0380,23618,2633
1437,Virgo,Leo,Pisces,0.0379,23592,2636
1438,Virgo,Libra,Pisces,0.0379,23553,2640
1439,Capricorn,Virgo,Pisces,0.0379,23551,2640
1440,Cancer,Pisces,Aquarius,0.0378,23523,2644
1441,Cancer,Libra,Aquarius,0.0378,23492,2647
1442,Capricorn,Gemini,Sagittarius,0.0377,23440,2653
1443,Aries,Sagittarius,Capricorn,0.0377,23437,2653
1444,Pisces,Virgo,Aries,0.0377,23427,2654
1445,Aries,Cancer,Capricorn,0.0377,23424,2655
1446,Leo,Gemini,Taurus,0.0376,23377,2660
1447,Leo,Sagittarius,Pisces,0.0376,23369,2661
1448,Taurus,Libra,Capricorn,0.0375,23343,2664
1449,Leo,Aquarius,Taurus,0.0375,23321,2667
1450,Aquarius,Sagittarius,Capricorn,0.0375,23290,2670
1451,Aries,Scorpio,Capricorn,0.0374,23262,2673
1452,Aries,Taurus,Capricorn,0.0373,23197,2681
1453,Pisces,Aquarius,Capricorn,0.0373,23171,2684
1454,Libra,Pisces,Aries,0.0372,23148,2686
1455,Virgo,Capricorn,Aries,0.0372,23136,2688
1456,Aquarius,Gemini,Capricorn,0.0371,23091,2693
1457,Virgo,Virgo,Aries,0.0371,23079,2695
1458,Aquarius,Libra,Capricorn,0.0371,23046,2698
1459,Aquarius,Pisces,Aquarius,0.0371,23044,2699
1460,Aquarius,Virgo,Capricorn,0.0369,22950,2710
1461,Pisces,Scorpio,Capricorn,0.0369,22922,2713
1462,Taurus,Scorpio,Capricorn,0.0368,22880,2718
1463,Aquarius,Cancer,Aquarius,0.0367,22830,2724
1464,Cancer,Aquarius,Gemini,0.0366,22790,2729
1465,Capricorn,Leo,Sagittarius,0.0366,22783,2730
1466,Virgo,Leo,Taurus,0.0366,22746,2734
1467,Libra,Scorpio,Aries,0.0365,22691,2741
1468,Leo,Gemini,Pisces,0.0365,22689,2741
1469,Leo,Pisces,Pisces,0.0365,22678,2742
1470,Virgo,Aquarius,Pisces,0.0364,22623,2749
1471,Pisces,Cancer,Capricorn,0.0363,22594,2752
1472,Pisces,Capricorn,Capricorn,0.0363,22593,2753
1473,Libra,Scorpio,Taurus,0.0363,22591,2753
1474,Aquarius,Taurus,Capricorn,0.0363,22560,2756
1475,Aquarius,Leo,Capricorn,0.0363,22557,2757
1476,Leo,Cancer,Pisces,0.0362,22534,2760
1477,Aries,Capricorn,Capricorn,0.0361,22476,2767
1478,Gemini,Pisces,Aquarius,0.0361,22445,2771
1479,Pisces,Aries,Capricorn,0.0361,22429,2773
1480,Aquarius,Capricorn,Capricorn,0.0360,22359,2781
1481,Virgo,Libra,Taurus,0.0359,22322,2786
1482,Virgo,Libra,Aries,0.0358,22258,2794
1483,Capricorn,Libra,Scorpio,0.0357,22201,2801
1484,Aries,Gemini,Capricorn,0.0357,22175,2804
1485,Aries,Leo,Capricorn,0.0356,22124,2811
1486,Aries,Virgo,Capricorn,0.0353,21950,2833
1487,Taurus,Aquarius,Taurus,0.0353,21933,2835
1488,Leo,Aries,Pisces,0.0353,21929,2836
1489,Aries,Aquarius,Capricorn,0.0352,21913,2838
1490,Leo,Gemini,Aries,0.0352,21906,2839
1491,Aries,Libra,Capricorn,0.0352,21892,2841
1492,Capricorn,Leo,Pisces,0.0352,21877,2843
1493,Pisces,Libra,Capricorn,0.0351,21844,2847
1494,Aquarius,Aquarius,Capricorn,0.0351,21812,2851
1495,Cancer,Scorpio,Aquarius,0.0350,21793,2854
1496,Virgo,Sagittarius,Aries,0.0350,21750,2859
1497,Leo,Taurus,Pisces,0.0349,21727,2862
1498,Gemini,Libra,Aquarius,0.0349,21707,2865
1499,Pisces,Taurus,Capricorn,0.0347,21602,2879
1500,Pisces,Sagittarius,Capricorn,0.0347,21576,2882
1501,Pisces,Virgo,Capricorn,0.0346,21543,2887
1502,Virgo,Aquarius,Aries,0.0346,21519,2890
1503,Aries,Aries,Capricorn,0.0346,21492,2894
1504,Gemini,Gemini,Aquarius,0.0344,21392,2907
1505,Leo,Virgo,Aries,0.0343,21350,2913
1506,Capricorn,Libra,Sagittarius,0.0343,21346,2913
1507,Leo,Pisces,Taurus,0.0343,21343,2914
1508,Leo,Virgo,Pisces,0.0343,21315,2918
1509,Leo,Sagittarius,Taurus,0.0342,21242,2928
1510,Gemini,Taurus,Aquarius,0.0341,21232,2929
1511,Leo,Cancer,Taurus,0.0341,21212,2932
1512,Taurus,Capricorn,Taurus,0.0340,21140,2942
1513,Leo,Aries,Taurus,0.0340,21140,2942
1514,Taurus,Taurus,Taurus,0.0340,21135,2942
1515,Pisces,Pisces,Capricorn,0.0339,21101,2947
1516,Leo,Aries,Aries,0.0339,21080,2950
1517,Leo,Scorpio,Pisces,0.0339,21077,2950
1518,Leo,Libra,Pisces,0.0338,21044,2955
1519,Virgo,Aries,Aries,0.0338,21013,2960
1520,Leo,Aquarius,Aries,0.0337,20981,2964
1521,Aquarius,Scorpio,Capricorn,0.0337,20980,2964
1522,Taurus,Leo,Taurus,0.0337,20968,2966
1523,Leo,Capricorn,Pisces,0.0337,20944,2969
1524,Cancer,Taurus,Taurus,0.0336,20884,2978
1525,Pisces,Leo,Pisces,0.0335,20858,2981
1526,Leo,Taurus,Taurus,0.0335,20844,2983
1527,Aquarius,Cancer,Capricorn,0.0335,20815,2988
1528,Aquarius,Pisces,Capricorn,0.0334,20767,2994
1529,Pisces,Leo,Capricorn,0.0333,20738,2999
1530,Cancer,Leo,Taurus,0.0333,20726,3000
1531,Cancer,Libra,Gemini,0.0333,20692,3005
1532,Gemini,Scorpio,Aquarius,0.0332,20674,3008
1533,Leo,Leo,Pisces,0.0332,20653,3011
1534,Gemini,Aquarius,Aquarius,0.0332,20653,3011
1535,Leo,Aquarius,Pisces,0.0331,20607,3018
1536,Taurus,Aries,Taurus,0.0331,20577,3022
1537,Leo,Libra,Aries,0.0331,20562,3024
1538,Pisces,Capricorn,Pisces,0.0330,20536,3028
1539,Virgo,Aquarius,Taurus,0.0330,20524,3030
1540,Leo,Virgo,Taurus,0.0329,20487,3035
1541,Taurus,Gemini,Taurus,0.0329,20465,3039
1542,Gemini,Sagittarius,Aquarius,0.0328,20425,3045
1543,Taurus,Virgo,Taurus,0.0328,20378,3052
1544,Gemini,Virgo,Aquarius,0.0327,20366,3053
1545,Cancer,Aries,Pisces,0.0327,20307,3062
1546,Leo,Scorpio,Taurus,0.0326,20284,3066
1547,Leo,Leo,Taurus,0.0324,20160,3085
1548,Virgo,Leo,Aries,0.0324,20138,3088
1549,Cancer,Pisces,Pisces,0.0323,20100,3094
1550,Cancer,Pisces,Taurus,0.0323,20078,3097
1551,Leo,Leo,Aries,0.0322,20016,3107
1552,Cancer,Scorpio,Taurus,0.0322,19998,3110
1553,Cancer,Cancer,Taurus,0.0321,19981,3112
1554,Cancer,Aries,Taurus,0.0321,19937,3119
1555,Cancer,Capricorn,Taurus,0.0320,19905,3124
1556,Gemini,Cancer,Aquarius,0.0320,19887,3127
1557,Leo,Capricorn,Aries,0.0319,19847,3133
1558,Pisces,Sagittarius,Pisces,0.0319,19819,3138
1559,Aries,Cancer,Aries,0.0318,19804,3140
1560,Gemini,Libra,Taurus,0.0318,19791,3142
1561,Leo,Pisces,Aries,0.0317,19728,3152
1562,Aries,Scorpio,Aries,0.0317,19722,3153
1563,Taurus,Scorpio,Taurus,0.0314,19534,3183
1564,Aries,Pisces,Aries,0.0314,19500,3189
1565,Leo,Capricorn,Taurus,0.0313,19488,3191
1566,Taurus,Sagittarius,Taurus,0.0313,19472,3194
1567,Cancer,Aquarius,Taurus,0.0312,19400,3206
1568,Gemini,Pisces,Taurus,0.0312,19391,3207
1569,Taurus,Leo,Aquarius,0.0311,19316,3219
1570,Cancer,Virgo,Taurus,0.0310,19274,3226
1571,Gemini,Aries,Taurus,0.0309,19240,3232
1572,Taurus,Pisces,Taurus,0.0308,19177,3243
1573,Leo,Cancer,Aries,0.0308,19139,3249
1574,Taurus,Sagittarius,Aquarius,0.0308,19125,3252
1575,Leo,Sagittarius,Aries,0.0307,19101,3256
1576,Pisces,Aries,Pisces,0.0307,19098,3256
1577,Gemini,Aries,Aquarius,0.0306,19054,3264
1578,Cancer,Libra,Pisces,0.0306,19046,3265
1579,Pisces,Aquarius,Pisces,0.0305,18960,3280
1580,Pisces,Taurus,Pisces,0.0303,18869,3296
1581,Cancer,Taurus,Pisces,0.0303,18827,3303
1582,Gemini,Capricorn,Aquarius,0.0303,18815,3305
1583,Cancer,Leo,Pisces,0.0302,18795,3309
1584,Taurus,Aquarius,Aquarius,0.0300,18676,3330
1585,Leo,Scorpio,Aries,0.0300,18639,3336
1586,Leo,Taurus,Aries,0.0299,18616,3340
1587,Cancer,Aquarius,Pisces,0.0298,18519,3358
1588,Taurus,Cancer,Taurus,0.0298,18514,3359
1589,Gemini,Capricorn,Taurus,0.0298,18503,3361
1590,Aries,Pisces,Aquarius,0.0297,18497,3362
1591,Pisces,Leo,Aquarius,0.0297,18457,3369
1592,Cancer,Sagittarius,Taurus,0.0297,18454,3370
1593,Gemini,Aquarius,Taurus,0.0296,18424,3375
1594,Taurus,Aries,Aquarius,0.0296,18418,3377
1595,Cancer,Gemini,Taurus,0.0296,18401,3380
1596,Pisces,Aquarius,Aquarius,0.0295,18330,3393
1597,Gemini,Taurus,Taurus,0.0295,18316,3395
1598,Gemini,Leo,Taurus,0.0294,18290,3400
1599,Pisces,Libra,Pisces,0.0294,18268,3404
1600,Pisces,Gemini,Pisces,0.0294,18265,3405
1601,Cancer,Aries,Aries,0.0293,18245,3409
1602,Cancer,Cancer,Pisces,0.0292,18177,3421
1603,Gemini,Gemini,Taurus,0.0291,18119,3432
1604,Gemini,Leo,Aquarius,0.0291,18092,3437
1605,Taurus,Libra,Taurus,0.0288,17917,3471
1606,Cancer,Gemini,Pisces,0.0288,17917,3471
1607,Gemini,Scorpio,Taurus,0.0288,17915,3471
1608,Aries,Libra,Aries,0.0287,17861,3482
1609,Cancer,Sagittarius,Pisces,0.0287,17843,3485
1610,Aries,Scorpio,Aquarius,0.0287,17837,3486
1611,Taurus,Pisces,Aquarius,0.0287,17819,3490
1612,Taurus,Cancer,Aquarius,0.0287,17818,3490
1613,Taurus,Taurus,Aquarius,0.0286,17805,3493
1614,Cancer,Virgo,Pisces,0.0286,17803,3493
1615,Gemini,Virgo,Taurus,0.0286,17781,3497
1616,Cancer,Capricorn,Pisces,0.0285,17751,3503
1617,Aries,Taurus,Aquarius,0.0285,17725,3508
1618,Cancer,Taurus,Aries,0.0285,17724,3509
1619,Aries,Cancer,Aquarius,0.0285,17714,3511
1620,Taurus,Gemini,Aquarius,0.0285,17696,3514
1621,Cancer,Scorpio,Pisces,0.0284,17653,3523
1622,Taurus,Libra,Aquarius,0.0283,17573,3539
1623,Pisces,Gemini,Aquarius,0.0282,17558,3542
1624,Aries,Gemini,Aries,0.0282,17550,3544
1625,Pisces,Libra,Aquarius,0.0281,17467,3560
1626,Pisces,Aries,Aquarius,0.0280,17442,3565
1627,Cancer,Cancer,Aries,0.0280,17434,3567
1628,Gemini,Pisces,Pisces,0.0280,17421,3570
1629,Aries,Leo,Aries,0.0279,17380,3578
1630,Taurus,Capricorn,Aquarius,0.0279,17363,3581
1631,Pisces,Pisces,Pisces,0.0279,17343,3586
1632,Aries,Capricorn,Aries,0.0279,17326,3589
1633,Pisces,Taurus,Aquarius,0.0278,17293,3596
1634,Aries,Aquarius,Aries,0.0278,17284,3598
1635,Aries,Gemini,Aquarius,0.0278,17258,3603
1636,Aries,Sagittarius,Aquarius,0.0277,17244,3606
1637,Aries,Taurus,Aries,0.0277,17242,3607
1638,Gemini,Pisces,Aries,0.0277,17205,3615
1639,Pisces,Virgo,Pisces,0.0276,17143,3628
1640,Cancer,Scorpio,Aries,0.0275,17119,3633
1641,Aries,Virgo,Aquarius,0.0275,17109,3635
1642,Aries,Leo,Aquarius,0.0275,17108,3635
1643,Pisces,Sagittarius,Aquarius,0.0275,17081,3641
1644,Cancer,Sagittarius,Aries,0.0274,17060,3645
1645,Taurus,Virgo,Aquarius,0.0274,17050,3647
1646,Pisces,Cancer,Pisces,0.0274,17037,3650
1647,Pisces,Scorpio,Aquarius,0.0274,17025,3653
1648,Gemini,Sagittarius,Taurus,0.0273,16949,3669
1649,Aries,Libra,Aquarius,0.0272,16913,3677
1650,Aries,Capricorn,Aquarius,0.0272,16906,3678
1651,Gemini,Virgo,Pisces,0.0272,16885,3683
1652,Gemini,Cancer,Taurus,0.0269,16750,3713
1653,Taurus,Aquarius,Aries,0.0269,16745,3714
1654,Pisces,Scorpio,Pisces,0.0269,16716,3720
1655,Pisces,Pisces,Aquarius,0.0269,16716,3720
1656,Aries,Virgo,Aries,0.0268,16680,3728
1657,Cancer,Leo,Aries,0.0268,16638,3738
1658,Cancer,Aquarius,Aries,0.0267,16595,3747
1659,Aries,Aries,Aries,0.0266,16561,3755
1660,Cancer,Pisces,Aries,0.0266,16539,3760
1661,Gemini,Libra,Aries,0.0266,16514,3766
1662,Taurus,Capricorn,Aries,0.0265,16501,3769
1663,Cancer,Virgo,Aries,0.0265,16478,3774
1664,Gemini,Virgo,Aries,0.0263,16340,3806
1665,Taurus,Sagittarius,Pisces,0.0262,16279,3820
1666,Cancer,Libra,Taurus,0.0262,16274,3821
1667,Pisces,Capricorn,Aquarius,0.0262,16267,3823
1668,Aries,Aries,Aquarius,0.0261,16236,3830
1669,Pisces,Cancer,Aquarius,0.0261,16234,3831
1670,Gemini,Taurus,Aries,0.0260,16200,3839
1671,Cancer,Gemini,Aries,0.0260,16197,3839
1672,Aries,Aquarius,Aquarius,0.0260,16154,3850
1673,Gemini,Gemini,Aries,0.0258,16057,3873
1674,Aries,Scorpio,Pisces,0.0258,16044,3876
1675,Cancer,Capricorn,Aries,0.0257,15982,3891
1676,Pisces,Virgo,Aquarius,0.0256,15923,3905
1677,Aries,Sagittarius,Aries,0.0256,15903,3910
1678,Gemini,Taurus,Pisces,0.0255,15861,3921
1679,Taurus,Leo,Aries,0.0254,15819,3931
1680,Gemini,Gemini,Pisces,0.0253,15736,3952
1681,Gemini,Aquarius,Pisces,0.0252,15697,3962
1682,Aries,Cancer,Pisces,0.0252,15657,3972
1683,Gemini,Capricorn,Pisces,0.0251,15636,3977
1684,Gemini,Aries,Aries,0.0250,15571,3994
1685,Gemini,Sagittarius,Pisces,0.0250,15565,3995
1686,Gemini,Capricorn,Aries,0.0250,15550,3999
1687,Taurus,Aquarius,Pisces,0.0250,15549,3999
1688,Taurus,Leo,Pisces,0.0250,15533,4004
1689,Gemini,Aries,Pisces,0.0250,15527,4005
1690,Gemini,Cancer,Pisces,0.0249,15506,4010
1691,Taurus,Scorpio,Aquarius,0.0249,15456,4024
1692,Aries,Pisces,Pisces,0.0249,15454,4024
1693,Gemini,Libra,Pisces,0.0248,15407,4036
1694,Taurus,Taurus,Pisces,0.0246,15305,4063
1695,Taurus,Pisces,Pisces,0.0246,15277,4071
1696,Aries,Taurus,Pisces,0.0245,15214,4087
1697,Taurus,Virgo,Aries,0.0244,15152,4104
1698,Gemini,Scorpio,Aries,0.0243,15123,4112
1699,Taurus,Cancer,Pisces,0.0243,15122,4112
1700,Gemini,Aquarius,Aries,0.0243,15083,4123
1701,Taurus,Cancer,Aries,0.0242,15076,4125
1702,Taurus,Gemini,Aries,0.0241,14970,4154
1703,Aries,Libra,Pisces,0.0239,14867,4183
1704,Taurus,Aries,Aries,0.0238,14818,4197
1705,Gemini,Leo,Pisces,0.0238,14805,4201
1706,Taurus,Pisces,Aries,0.0236,14654,4244
1707,Taurus,Taurus,Aries,0.0233,14515,4284
1708,Aries,Capricorn,Pisces,0.0233,14510,4286
1709,Taurus,Aries,Pisces,0.0232,14453,4303
1710,Aries,Virgo,Pisces,0.0232,14399,4319
1711,Gemini,Scorpio,Pisces,0.0231,14368,4328
1712,Taurus,Scorpio,Pisces,0.0231,14356,4332
1713,Taurus,Scorpio,Aries,0.0231,14339,4337
1714,Taurus,Gemini,Pisces,0.0230,14332,4339
1715,Taurus,Sagittarius,Aries,0.0230,14294,4350
1716,Aries,Gemini,Pisces,0.0229,14269,4358
1717,Gemini,Cancer,Aries,0.0228,14196,4380
1718,Aries,Aquarius,Pisces,0.0227,14090,4414
1719,Taurus,Libra,Pisces,0.0225,14016,4437
1720,Cancer,Libra,Aries,0.0225,13970,4451
1721,Aries,Sagittarius,Pisces,0.0225,13962,4454
1722,Taurus,Capricorn,Pisces,0.0224,13925,4466
1723,Gemini,Leo,Aries,0.0223,13878,4481
1724,Taurus,Virgo,Pisces,0.0221,13730,4529
1725,Taurus,Libra,Aries,0.0220,13697,4540
1726,Gemini,Sagittarius,Aries,0.0219,13642,4559
1727,Aries,Aries,Pisces,0.0215,13373,4650
1728,Aries,Leo,Pisces,0.0215,13345,4660
